Workbook
Name AN_Vorhaben1: #REF!
Name AN_Vorhaben2: #REF!
Name AN_Vorhaben3: #REF!
Name AN_Vorhaben4: #REF!
Name AN_Vorhaben5: #REF!
Name AN_Vorhaben6: #REF!
Name AN_Vorhaben7: #REF!
Name BeantrFZ2020: #REF!
Name BeantrFZ2021: #REF!
Name BeantrFZ2022: #REF!
Name BeantrFZ2023: #REF!
Name BeantrFZ2024: #REF!
Name BeantrFZ2025: #REF!
Name Bundesland: #REF!
Name CountLines: _xlfn.LAMBDA(_xlpm.Zelle,LEN(_xlpm.Zelle)-LEN(SUBSTITUTE(_xlpm.Zelle,CHAR(10),""))+1)
Name Display_Week: Arbeitsplan!$D$4
Name GetAGBeitrag: _xlfn.LAMBDA(_xlpm.links,_xlpm.rechts,IF(CountLines(_xlpm.links)+CountLines(_xlpm.rechts)=6,GetSteuerbruttoZ3(_xlpm.links)&","&GetSteuerbruttoZ3(_xlpm.rechts),""))
Name GetColOfAry: _xlfn.LAMBDA(_xlpm.targetcol,_xlpm.ary, _xlfn.TAKE(_xlfn.TAKE(_xlpm.ary,,_xlpm.targetcol),,-1) )
Name GetNumbers: _xlfn.LAMBDA(_xlpm.Zelle,SUM(MID(0&_xlpm.Zelle,LARGE(INDEX(ISNUMBER(--MID(_xlpm.Zelle,ROW(#REF!),1))*ROW(#REF!),),ROW(#REF!))+1,1)*10^ROW(#REF!)/10))
Name GewählterMA: #REF!
Name GewähltesVorhaben: #REF!
Name Jahr1: #REF!
Name Jahr2: #REF!
Name Jahr3: #REF!
Name Jahr4: #REF!
Name Jahr5: #REF!
Name Jahr6: #REF!
Name Kosten2020: #REF!
Name Kosten2021: #REF!
Name Kosten2022: #REF!
Name Kosten2023: #REF!
Name Kosten2024: #REF!
Name Kosten2025: #REF!
Name Mitarbeiter: _xlfn.ANCHORARRAY(#REF!)
Name Proj1: #REF!
Name Proj2: #REF!
Name Proj3: #REF!
Name Proj4: #REF!
Name Proj5: #REF!
Name Proj6: #REF!
Name Proj7: #REF!
Name Project_Start: Arbeitsplan!$D$3
Name Steuerland: #REF!
Name Steuernummer_kurz: #REF!
Name Steuernummer_lang: #REF!
Name task_end: #REF!
Name task_start: #REF!
Name WJ: #REF!
Name WJ_2020: #REF!
Name WJ_2021: #REF!
Name WJ_2022: #REF!
Name WJ_2023: #REF!
Name WJ_2024: #REF!
Name WJ_2025: #REF!
Name Year_Valid_V1: #REF!
Name Year_Valid_V2: #REF!
Name Year_Valid_V3: #REF!
Name Year_Valid_V4: #REF!
Name Year_Valid_V5: #REF!
Name Year_Valid_V6: #REF!

Sheet Arbeitsplan
D1: Unternehmen | T1: =D1 -> Unternehmen | U1: Auftragnehmer 1
A3: Markiere UAPs mit "x". | B3: Anzahl Zeichen (max. 150) | C3: AP Nr. (vorlaufend) (je Projektjahr max. 10) | D3: 46024 | AF3: 1 | AG3: 2 | AH3: 3 | AI3: 4 | AJ3: 5 | AK3: 6 | AL3: 7 | AM3: 8 | AN3: 9 | AO3: 10 | AP3: 11 | AQ3: 12 | AR3: 13 | AS3: 14 | AT3: 15 | AU3: 16 | AV3: 17 | AW3: 18 | AX3: 19 | AY3: 20 | AZ3: 21 | BA3: 22 | BB3: 23 | BC3: 24 | BD3: 25 | BE3: 26 | BF3: 27 | BG3: 28 | BH3: 29 | BI3: 30 | BJ3: 31 | BK3: 32 | BL3: 33 | BM3: 34 | BN3: 35 | BO3: 36 | BP3: 37 | BQ3: 38 | BR3: 39 | BS3: 40 | BT3: 41 | BU3: 42 | BV3: 43 | BW3: 44 | BX3: 45 | BY3: 46 | BZ3: 47 | CA3: 48 | CB3: 49 | CC3: 50 | CD3: 51 | CE3: 52 | CF3: 53 | CG3: 54 | CH3: 55 | CI3: 56 | CJ3: 57 | CK3: 58 | CL3: 59 | CM3: 60 | CN3: 61 | CO3: 62 | CP3: 63 | CQ3: 64 | CR3: 65 | CS3: 66 | CT3: 67 | CU3: 68 | CV3: 69 | CW3: 70 | CX3: 71 | CY3: 72 | CZ3: 73 | DA3: 74 | DB3: 75 | DC3: 76 | DD3: 77 | DE3: 78 | DF3: 79 | DG3: 80 | DH3: 81 | DI3: 82 | DJ3: 83 | DK3: 84 | DO3: Nebenrechnungen für Gewichtungen Mitarbeiter (nicht anfassen) | EQ3: Nebenrechnungen für Gewichtungen Eigenleistung (nicht anfassen)
D4: Blau: Arbeitspakete (AP X) werden nicht eingereicht Grau: Unterarbeitspakete (UAP X.X) werden eingereicht | F4: Projektlaufzeit in Monaten | I4: Projektlaufzeit als Datum | L4: Personalaufwand in PM (1 PM=142h) | P4: Eigenleistungen in h | AF4: =YEAR(AF5) -> 2026 | AG4: =YEAR(AG5) -> 2026 | AH4: =YEAR(AH5) -> 2026 | AI4: =YEAR(AI5) -> 2026 | AJ4: =YEAR(AJ5) -> 2026 | AK4: =YEAR(AK5) -> 2026 | AL4: =YEAR(AL5) -> 2026 | AM4: =YEAR(AM5) -> 2026 | ... DK4: =YEAR(DK5) -> 2032 | DO4: Anzahl Monate je AP und Jahresscheibe | DX4: Anzahl Monate je UAP und Jahresscheibe | EG4: UAP gewichtet nach AP-Aufwand | EQ4: Anzahl Monate je AP und Jahresscheibe | EZ4: Anzahl Monate je UAP und Jahresscheibe | FI4: UAP gewichtet nach AP-Aufwand
D5: PROGRAMM / PHASE | F5: START Monat | G5: ENDE Monat | I5: START Datum | J5: ENDE Datum | L5: Gewicht | M5: PM | N5: Prozent | P5: Gewicht | Q5: h | R5: Prozent | AF5: =DATE(YEAR(Project_Start),MONTH(Project_Start),1) -> 46023 | AG5: =EOMONTH(AF5,0)+1 -> 46054 | AH5: =EOMONTH(AG5,0)+1 -> 46082 | AI5: =EOMONTH(AH5,0)+1 -> 46113 | AJ5: =EOMONTH(AI5,0)+1 -> 46143 | AK5: =EOMONTH(AJ5,0)+1 -> 46174 | AL5: =EOMONTH(AK5,0)+1 -> 46204 | AM5: =EOMONTH(AL5,0)+1 -> 46235 | AN5: =EOMONTH(AM5,0)+1 -> 46266 | ... DK5: =EOMONTH(DJ5,0)+1 -> 48549 | DP5: =Jahresscheiben!C$2 -> 2026 | DQ5: =Jahresscheiben!D$2 -> 2027 | DR5: =Jahresscheiben!E$2 -> 2028 | DS5: =Jahresscheiben!F$2 -> 2029 | DT5: =Jahresscheiben!G$2 -> 2030 | DU5: =Jahresscheiben!H$2 -> 2031 | DV5: =Jahresscheiben!I$2 -> 2032 | DY5: =Jahresscheiben!C$2 -> 2026 | DZ5: =Jahresscheiben!D$2 -> 2027 | EA5: =Jahresscheiben!E$2 -> 2028 | EB5: =Jahresscheiben!F$2 -> 2029 | EC5: =Jahresscheiben!G$2 -> 2030 | ED5: =Jahresscheiben!H$2 -> 2031 | EE5: =Jahresscheiben!I$2 -> 2032 | EH5: =Jahresscheiben!C$2 -> 2026 | EI5: =Jahresscheiben!D$2 -> 2027 | EJ5: =Jahresscheiben!E$2 -> 2028 | EK5: =Jahresscheiben!F$2 -> 2029 | EL5: =Jahresscheiben!G$2 -> 2030 | EM5: =Jahresscheiben!H$2 -> 2031 | EN5: =Jahresscheiben!I$2 -> 2032 | ER5: =Jahresscheiben!C$2 -> 2026 | ES5: =Jahresscheiben!D$2 -> 2027 | ET5: =Jahresscheiben!E$2 -> 2028 | EU5: =Jahresscheiben!F$2 -> 2029 | EV5: =Jahresscheiben!G$2 -> 2030 | EW5: =Jahresscheiben!H$2 -> 2031 | EX5: =Jahresscheiben!I$2 -> 2032 | FA5: =Jahresscheiben!C$2 -> 2026 | FB5: =Jahresscheiben!D$2 -> 2027 | FC5: =Jahresscheiben!E$2 -> 2028 | FD5: =Jahresscheiben!F$2 -> 2029 | FE5: =Jahresscheiben!G$2 -> 2030 | FF5: =Jahresscheiben!H$2 -> 2031 | FG5: =Jahresscheiben!I$2 -> 2032 | FJ5: =Jahresscheiben!C$2 -> 2026 | FK5: =Jahresscheiben!D$2 -> 2027 | FL5: =Jahresscheiben!E$2 -> 2028 | FM5: =Jahresscheiben!F$2 -> 2029 | FN5: =Jahresscheiben!G$2 -> 2030 | FO5: =Jahresscheiben!H$2 -> 2031 | FP5: =Jahresscheiben!I$2 -> 2032
B6: =LEN(D6) -> 133 | C6: =ROW()-5 -> 1 | D6: AP1 Systemarchitektur und Versuchsrahmen für den Funktionsprototyp durch die Projektleitung mit messbaren Zielgrenzen (Systemanalyse) | F6: 1 | G6: 5 | I6: =IF(F6=0,"",EOMONTH(Project_Start,F6-1)) -> 46053 | J6: =IF(G6=0,"",EOMONTH(Project_Start,G6-1)) -> 46173 | L6: 5 | M6: {=_xlfn.LET( _xlpm.Z, _xlfn._xlws.FILTER($DY$6:$EE$65,$DX$6:$DX$65=C6), _xlpm.Q,_xlfn._xlws.FILTER($DP$6:$DV$65,$DO$6:$DO$65=C6), IF($A6="x",SUMPRODUCT(_xlpm.Z,$DY$73:$EE$73,EH6:EN6),SUMPRODUCT(_xlpm.Q,$DP$73:$DV$73)))} -> 0 | N6: {=_xlfn.LET( _xlpm.Z, SUM(IF($A6="x",_xlfn._xlws.FILTER($M$6:$M$65,$A$6:$A$65="x"),_xlfn._xlws.FILTER($M$6:$M$65,$A$6:$A$65<>"x"))), IF(_xlpm.Z<>0,M6/_xlpm.Z,""))} | P6: =L6 -> 5 | Q6: {=_xlfn.LET( _xlpm.Z, _xlfn._xlws.FILTER($FA$6:$FG$65,$EZ$6:$EZ$65=C6), _xlpm.Q,_xlfn._xlws.FILTER($ER$6:$EX$65,$EQ$6:$EQ$65=C6), IF($A6="x",SUMPRODUCT(_xlpm.Z,$FA$73:$FG$73,FJ6:FP6),SUMPRODUCT(_xlpm.Q,$ER$73:$EX$73)))} -> 0 | R6: {=_xlfn.LET( _xlpm.Z, SUM(IF($A6="x",_xlfn._xlws.FILTER($Q$6:$Q$65,$A$6:$A$65="x"),_xlfn._xlws.FILTER($Q$6:$Q$65,$A$6:$A$65<>"x"))), IF(_xlpm.Z<>0,Q6/_xlpm.Z,""))} | AF6: =_xlfn.LET( _xlpm.project_monat,AF$3, _xlpm.start_monat,$F6, _xlpm.ende_monat,$G6, IF(AND(_xlpm.project_monat>=_xlpm.start_monat,_xlpm.project_monat<=_xlpm.ende_monat),IF($A6="x",2,1),"")) -> 1 | AG6: =_xlfn.LET( _xlpm.project_monat,AG$3, _xlpm.start_monat,$F6, _xlpm.ende_monat,$G6, IF(AND(_xlpm.project_monat>=_xlpm.start_monat,_xlpm.project_monat<=_xlpm.ende_monat),IF($A6="x",2,1),"")) -> 1 | AH6: =_xlfn.LET( _xlpm.project_monat,AH$3, _xlpm.start_monat,$F6, _xlpm.ende_monat,$G6, IF(AND(_xlpm.project_monat>=_xlpm.start_monat,_xlpm.project_monat<=_xlpm.ende_monat),IF($A6="x",2,1),"")) -> 1 | AI6: =_xlfn.LET( _xlpm.project_monat,AI$3, _xlpm.start_monat,$F6, _xlpm.ende_monat,$G6, IF(AND(_xlpm.project_monat>=_xlpm.start_monat,_xlpm.project_monat<=_xlpm.ende_monat),IF($A6="x",2,1),"")) -> 1 | AJ6: =_xlfn.LET( _xlpm.project_monat,AJ$3, _xlpm.start_monat,$F6, _xlpm.ende_monat,$G6, IF(AND(_xlpm.project_monat>=_xlpm.start_monat,_xlpm.project_monat<=_xlpm.ende_monat),IF($A6="x",2,1),"")) -> 1 | AK6: =_xlfn.LET( _xlpm.project_monat,AK$3, _xlpm.start_monat,$F6, _xlpm.ende_monat,$G6, IF(AND(_xlpm.project_monat>=_xlpm.start_monat,_xlpm.project_monat<=_xlpm.ende_monat),IF($A6="x",2,1),"")) | AL6: =_xlfn.LET( _xlpm.project_monat,AL$3, _xlpm.start_monat,$F6, _xlpm.ende_monat,$G6, IF(AND(_xlpm.project_monat>=_xlpm.start_monat,_xlpm.project_monat<=_xlpm.ende_monat),IF($A6="x",2,1),"")) | AM6: =_xlfn.LET( _xlpm.project_monat,AM$3, _xlpm.start_monat,$F6, _xlpm.ende_monat,$G6, IF(AND(_xlpm.project_monat>=_xlpm.start_monat,_xlpm.project_monat<=_xlpm.ende_monat),IF($A6="x",2,1),"")) | ... DK6: =_xlfn.LET( _xlpm.project_monat,DK$3, _xlpm.start_monat,$F6, _xlpm.ende_monat,$G6, IF(AND(_xlpm.project_monat>=_xlpm.start_monat,_xlpm.project_monat<=_xlpm.ende_monat),IF($A6="x",2,1),"")) | DO6: =$C6 -> 1 | DP6: =IF($A6<>"x",$L6*SUMIFS($AF6:$DK6,$AF$4:$DK$4,Jahresscheiben!C$2),0) -> 25 | DQ6: =IF($A6<>"x",$L6*SUMIFS($AF6:$DK6,$AF$4:$DK$4,Jahresscheiben!D$2),0) -> 0 | DR6: =IF($A6<>"x",$L6*SUMIFS($AF6:$DK6,$AF$4:$DK$4,Jahresscheiben!E$2),0) -> 0 | DS6: =IF($A6<>"x",$L6*SUMIFS($AF6:$DK6,$AF$4:$DK$4,Jahresscheiben!F$2),0) -> 0 | DT6: =IF($A6<>"x",$L6*SUMIFS($AF6:$DK6,$AF$4:$DK$4,Jahresscheiben!G$2),0) -> 0 | DU6: =IF($A6<>"x",$L6*SUMIFS($AF6:$DK6,$AF$4:$DK$4,Jahresscheiben!H$2),0) -> 0 | DV6: =IF($A6<>"x",$L6*SUMIFS($AF6:$DK6,$AF$4:$DK$4,Jahresscheiben!I$2),0) -> 0 | DX6: =$C6 -> 1 | DY6: =IF($A6="x",$L6*SUMIFS($AF6:$DK6,$AF$4:$DK$4,Jahresscheiben!C$2)/2,0) -> 0 | DZ6: =IF($A6="x",$L6*SUMIFS($AF6:$DK6,$AF$4:$DK$4,Jahresscheiben!D$2)/2,0) -> 0 | EA6: =IF($A6="x",$L6*SUMIFS($AF6:$DK6,$AF$4:$DK$4,Jahresscheiben!E$2)/2,0) -> 0 | EB6: =IF($A6="x",$L6*SUMIFS($AF6:$DK6,$AF$4:$DK$4,Jahresscheiben!F$2)/2,0) -> 0 | EC6: =IF($A6="x",$L6*SUMIFS($AF6:$DK6,$AF$4:$DK$4,Jahresscheiben!G$2)/2,0) -> 0 | ED6: =IF($A6="x",$L6*SUMIFS($AF6:$DK6,$AF$4:$DK$4,Jahresscheiben!H$2)/2,0) -> 0 | EE6: =IF($A6="x",$L6*SUMIFS($AF6:$DK6,$AF$4:$DK$4,Jahresscheiben!I$2)/2,0) -> 0 | EG6: =$C6 -> 1 | EH6: {=_xlfn.LET(_xlpm.r,ROW($A$6:$A$65), _xlpm.i,ROW(), _xlpm.top,MAX(_xlfn._xlws.FILTER(_xlpm.r,($A$6:$A$65<>"x")*(_xlpm.r<=_xlpm.i))), _xlpm.tmp,MIN(_xlfn._xlws.FILTER(_xlpm.r,($A$6:$A$65<>"x")*(_xlpm.r>=_xlpm.i))), _xlpm.bot,IF(ISERROR(_xlpm.tmp),MAX(_xlpm.r),_xlpm.tmp), IF(_xlpm.bot=_xlpm.top,0,IF(DP$72,IF(SUM(_xlfn._xlws.FILTER(DY$6:DY$65,(_xlpm.r>_xlpm.top)*(_xlpm.r<_xlpm.bot))),1/SUM(_xlfn._xlws.FILTER(DY$6:DY$65,(_xlpm.r>_xlpm.top)*(_xlpm.r<_xlpm.bot)))*DY$72*INDEX(DP:DP,_xlpm.top)/DP$72,0),0)))} -> 0 | EI6: {=_xlfn.LET(_xlpm.r,ROW($A$6:$A$65), _xlpm.i,ROW(), _xlpm.top,MAX(_xlfn._xlws.FILTER(_xlpm.r,($A$6:$A$65<>"x")*(_xlpm.r<=_xlpm.i))), _xlpm.tmp,MIN(_xlfn._xlws.FILTER(_xlpm.r,($A$6:$A$65<>"x")*(_xlpm.r>=_xlpm.i))), _xlpm.bot,IF(ISERROR(_xlpm.tmp),MAX(_xlpm.r),_xlpm.tmp), IF(_xlpm.bot=_xlpm.top,0,IF(DQ$72,IF(SUM(_xlfn._xlws.FILTER(DZ$6:DZ$65,(_xlpm.r>_xlpm.top)*(_xlpm.r<_xlpm.bot))),1/SUM(_xlfn._xlws.FILTER(DZ$6:DZ$65,(_xlpm.r>_xlpm.top)*(_xlpm.r<_xlpm.bot)))*DZ$72*INDEX(DQ:DQ,_xlpm.top)/DQ$72,0),0)))} -> 0 | EJ6: {=_xlfn.LET(_xlpm.r,ROW($A$6:$A$65), _xlpm.i,ROW(), _xlpm.top,MAX(_xlfn._xlws.FILTER(_xlpm.r,($A$6:$A$65<>"x")*(_xlpm.r<=_xlpm.i))), _xlpm.tmp,MIN(_xlfn._xlws.FILTER(_xlpm.r,($A$6:$A$65<>"x")*(_xlpm.r>=_xlpm.i))), _xlpm.bot,IF(ISERROR(_xlpm.tmp),MAX(_xlpm.r),_xlpm.tmp), IF(_xlpm.bot=_xlpm.top,0,IF(DR$72,IF(SUM(_xlfn._xlws.FILTER(EA$6:EA$65,(_xlpm.r>_xlpm.top)*(_xlpm.r<_xlpm.bot))),1/SUM(_xlfn._xlws.FILTER(EA$6:EA$65,(_xlpm.r>_xlpm.top)*(_xlpm.r<_xlpm.bot)))*EA$72*INDEX(DR:DR,_xlpm.top)/DR$72,0),0)))} -> 0 | EK6: {=_xlfn.LET(_xlpm.r,ROW($A$6:$A$65), _xlpm.i,ROW(), _xlpm.top,MAX(_xlfn._xlws.FILTER(_xlpm.r,($A$6:$A$65<>"x")*(_xlpm.r<=_xlpm.i))), _xlpm.tmp,MIN(_xlfn._xlws.FILTER(_xlpm.r,($A$6:$A$65<>"x")*(_xlpm.r>=_xlpm.i))), _xlpm.bot,IF(ISERROR(_xlpm.tmp),MAX(_xlpm.r),_xlpm.tmp), IF(_xlpm.bot=_xlpm.top,0,IF(DS$72,IF(SUM(_xlfn._xlws.FILTER(EB$6:EB$65,(_xlpm.r>_xlpm.top)*(_xlpm.r<_xlpm.bot))),1/SUM(_xlfn._xlws.FILTER(EB$6:EB$65,(_xlpm.r>_xlpm.top)*(_xlpm.r<_xlpm.bot)))*EB$72*INDEX(DS:DS,_xlpm.top)/DS$72,0),0)))} -> 0 | EL6: {=_xlfn.LET(_xlpm.r,ROW($A$6:$A$65), _xlpm.i,ROW(), _xlpm.top,MAX(_xlfn._xlws.FILTER(_xlpm.r,($A$6:$A$65<>"x")*(_xlpm.r<=_xlpm.i))), _xlpm.tmp,MIN(_xlfn._xlws.FILTER(_xlpm.r,($A$6:$A$65<>"x")*(_xlpm.r>=_xlpm.i))), _xlpm.bot,IF(ISERROR(_xlpm.tmp),MAX(_xlpm.r),_xlpm.tmp), IF(_xlpm.bot=_xlpm.top,0,IF(DT$72,IF(SUM(_xlfn._xlws.FILTER(EC$6:EC$65,(_xlpm.r>_xlpm.top)*(_xlpm.r<_xlpm.bot))),1/SUM(_xlfn._xlws.FILTER(EC$6:EC$65,(_xlpm.r>_xlpm.top)*(_xlpm.r<_xlpm.bot)))*EC$72*INDEX(DT:DT,_xlpm.top)/DT$72,0),0)))} -> 0 | EM6: {=_xlfn.LET(_xlpm.r,ROW($A$6:$A$65), _xlpm.i,ROW(), _xlpm.top,MAX(_xlfn._xlws.FILTER(_xlpm.r,($A$6:$A$65<>"x")*(_xlpm.r<=_xlpm.i))), _xlpm.tmp,MIN(_xlfn._xlws.FILTER(_xlpm.r,($A$6:$A$65<>"x")*(_xlpm.r>=_xlpm.i))), _xlpm.bot,IF(ISERROR(_xlpm.tmp),MAX(_xlpm.r),_xlpm.tmp), IF(_xlpm.bot=_xlpm.top,0,IF(DU$72,IF(SUM(_xlfn._xlws.FILTER(ED$6:ED$65,(_xlpm.r>_xlpm.top)*(_xlpm.r<_xlpm.bot))),1/SUM(_xlfn._xlws.FILTER(ED$6:ED$65,(_xlpm.r>_xlpm.top)*(_xlpm.r<_xlpm.bot)))*ED$72*INDEX(DU:DU,_xlpm.top)/DU$72,0),0)))} -> 0 | EN6: {=_xlfn.LET(_xlpm.r,ROW($A$6:$A$65), _xlpm.i,ROW(), _xlpm.top,MAX(_xlfn._xlws.FILTER(_xlpm.r,($A$6:$A$65<>"x")*(_xlpm.r<=_xlpm.i))), _xlpm.tmp,MIN(_xlfn._xlws.FILTER(_xlpm.r,($A$6:$A$65<>"x")*(_xlpm.r>=_xlpm.i))), _xlpm.bot,IF(ISERROR(_xlpm.tmp),MAX(_xlpm.r),_xlpm.tmp), IF(_xlpm.bot=_xlpm.top,0,IF(DV$72,IF(SUM(_xlfn._xlws.FILTER(EE$6:EE$65,(_xlpm.r>_xlpm.top)*(_xlpm.r<_xlpm.bot))),1/SUM(_xlfn._xlws.FILTER(EE$6:EE$65,(_xlpm.r>_xlpm.top)*(_xlpm.r<_xlpm.bot)))*EE$72*INDEX(DV:DV,_xlpm.top)/DV$72,0),0)))} -> 0 | EQ6: =$C6 -> 1 | ER6: =IF($A6<>"x",$P6*SUMIFS($AF6:$DK6,$AF$4:$DK$4,Jahresscheiben!C$2),0) -> 25 | ES6: =IF($A6<>"x",$P6*SUMIFS($AF6:$DK6,$AF$4:$DK$4,Jahresscheiben!D$2),0) -> 0 | ET6: =IF($A6<>"x",$P6*SUMIFS($AF6:$DK6,$AF$4:$DK$4,Jahresscheiben!E$2),0) -> 0 | EU6: =IF($A6<>"x",$P6*SUMIFS($AF6:$DK6,$AF$4:$DK$4,Jahresscheiben!F$2),0) -> 0 | EV6: =IF($A6<>"x",$P6*SUMIFS($AF6:$DK6,$AF$4:$DK$4,Jahresscheiben!G$2),0) -> 0 | EW6: =IF($A6<>"x",$P6*SUMIFS($AF6:$DK6,$AF$4:$DK$4,Jahresscheiben!H$2),0) -> 0 | EX6: =IF($A6<>"x",$P6*SUMIFS($AF6:$DK6,$AF$4:$DK$4,Jahresscheiben!I$2),0) -> 0 | EZ6: =$C6 -> 1 | FA6: =IF($A6="x",$P6*SUMIFS($AF6:$DK6,$AF$4:$DK$4,Jahresscheiben!C$2)/2,0) -> 0 | FB6: =IF($A6="x",$P6*SUMIFS($AF6:$DK6,$AF$4:$DK$4,Jahresscheiben!D$2)/2,0) -> 0 | FC6: =IF($A6="x",$P6*SUMIFS($AF6:$DK6,$AF$4:$DK$4,Jahresscheiben!E$2)/2,0) -> 0 | FD6: =IF($A6="x",$P6*SUMIFS($AF6:$DK6,$AF$4:$DK$4,Jahresscheiben!F$2)/2,0) -> 0 | FE6: =IF($A6="x",$P6*SUMIFS($AF6:$DK6,$AF$4:$DK$4,Jahresscheiben!G$2)/2,0) -> 0 | FF6: =IF($A6="x",$P6*SUMIFS($AF6:$DK6,$AF$4:$DK$4,Jahresscheiben!H$2)/2,0) -> 0 | FG6: =IF($A6="x",$P6*SUMIFS($AF6:$DK6,$AF$4:$DK$4,Jahresscheiben!I$2)/2,0) -> 0 | FI6: =$C6 -> 1 | FJ6: {=_xlfn.LET(_xlpm.r,ROW($A$6:$A$65), _xlpm.i,ROW(), _xlpm.top,MAX(_xlfn._xlws.FILTER(_xlpm.r,($A$6:$A$65<>"x")*(_xlpm.r<=_xlpm.i))), _xlpm.tmp,MIN(_xlfn._xlws.FILTER(_xlpm.r,($A$6:$A$65<>"x")*(_xlpm.r>=_xlpm.i))), _xlpm.bot,IF(ISERROR(_xlpm.tmp),MAX(_xlpm.r),_xlpm.tmp), IF(_xlpm.bot=_xlpm.top,0,IF(ER$72,IF(SUM(_xlfn._xlws.FILTER(FA$6:FA$65,(_xlpm.r>_xlpm.top)*(_xlpm.r<_xlpm.bot))),1/SUM(_xlfn._xlws.FILTER(FA$6:FA$65,(_xlpm.r>_xlpm.top)*(_xlpm.r<_xlpm.bot)))*FA$72*INDEX(ER:ER,_xlpm.top)/ER$72,0),0)))} -> 0 | FK6: {=_xlfn.LET(_xlpm.r,ROW($A$6:$A$65), _xlpm.i,ROW(), _xlpm.top,MAX(_xlfn._xlws.FILTER(_xlpm.r,($A$6:$A$65<>"x")*(_xlpm.r<=_xlpm.i))), _xlpm.tmp,MIN(_xlfn._xlws.FILTER(_xlpm.r,($A$6:$A$65<>"x")*(_xlpm.r>=_xlpm.i))), _xlpm.bot,IF(ISERROR(_xlpm.tmp),MAX(_xlpm.r),_xlpm.tmp), IF(_xlpm.bot=_xlpm.top,0,IF(ES$72,IF(SUM(_xlfn._xlws.FILTER(FB$6:FB$65,(_xlpm.r>_xlpm.top)*(_xlpm.r<_xlpm.bot))),1/SUM(_xlfn._xlws.FILTER(FB$6:FB$65,(_xlpm.r>_xlpm.top)*(_xlpm.r<_xlpm.bot)))*FB$72*INDEX(ES:ES,_xlpm.top)/ES$72,0),0)))} -> 0 | FL6: {=_xlfn.LET(_xlpm.r,ROW($A$6:$A$65), _xlpm.i,ROW(), _xlpm.top,MAX(_xlfn._xlws.FILTER(_xlpm.r,($A$6:$A$65<>"x")*(_xlpm.r<=_xlpm.i))), _xlpm.tmp,MIN(_xlfn._xlws.FILTER(_xlpm.r,($A$6:$A$65<>"x")*(_xlpm.r>=_xlpm.i))), _xlpm.bot,IF(ISERROR(_xlpm.tmp),MAX(_xlpm.r),_xlpm.tmp), IF(_xlpm.bot=_xlpm.top,0,IF(ET$72,IF(SUM(_xlfn._xlws.FILTER(FC$6:FC$65,(_xlpm.r>_xlpm.top)*(_xlpm.r<_xlpm.bot))),1/SUM(_xlfn._xlws.FILTER(FC$6:FC$65,(_xlpm.r>_xlpm.top)*(_xlpm.r<_xlpm.bot)))*FC$72*INDEX(ET:ET,_xlpm.top)/ET$72,0),0)))} -> 0 | FM6: {=_xlfn.LET(_xlpm.r,ROW($A$6:$A$65), _xlpm.i,ROW(), _xlpm.top,MAX(_xlfn._xlws.FILTER(_xlpm.r,($A$6:$A$65<>"x")*(_xlpm.r<=_xlpm.i))), _xlpm.tmp,MIN(_xlfn._xlws.FILTER(_xlpm.r,($A$6:$A$65<>"x")*(_xlpm.r>=_xlpm.i))), _xlpm.bot,IF(ISERROR(_xlpm.tmp),MAX(_xlpm.r),_xlpm.tmp), IF(_xlpm.bot=_xlpm.top,0,IF(EU$72,IF(SUM(_xlfn._xlws.FILTER(FD$6:FD$65,(_xlpm.r>_xlpm.top)*(_xlpm.r<_xlpm.bot))),1/SUM(_xlfn._xlws.FILTER(FD$6:FD$65,(_xlpm.r>_xlpm.top)*(_xlpm.r<_xlpm.bot)))*FD$72*INDEX(EU:EU,_xlpm.top)/EU$72,0),0)))} -> 0 | FN6: {=_xlfn.LET(_xlpm.r,ROW($A$6:$A$65), _xlpm.i,ROW(), _xlpm.top,MAX(_xlfn._xlws.FILTER(_xlpm.r,($A$6:$A$65<>"x")*(_xlpm.r<=_xlpm.i))), _xlpm.tmp,MIN(_xlfn._xlws.FILTER(_xlpm.r,($A$6:$A$65<>"x")*(_xlpm.r>=_xlpm.i))), _xlpm.bot,IF(ISERROR(_xlpm.tmp),MAX(_xlpm.r),_xlpm.tmp), IF(_xlpm.bot=_xlpm.top,0,IF(EV$72,IF(SUM(_xlfn._xlws.FILTER(FE$6:FE$65,(_xlpm.r>_xlpm.top)*(_xlpm.r<_xlpm.bot))),1/SUM(_xlfn._xlws.FILTER(FE$6:FE$65,(_xlpm.r>_xlpm.top)*(_xlpm.r<_xlpm.bot)))*FE$72*INDEX(EV:EV,_xlpm.top)/EV$72,0),0)))} -> 0 | FO6: {=_xlfn.LET(_xlpm.r,ROW($A$6:$A$65), _xlpm.i,ROW(), _xlpm.top,MAX(_xlfn._xlws.FILTER(_xlpm.r,($A$6:$A$65<>"x")*(_xlpm.r<=_xlpm.i))), _xlpm.tmp,MIN(_xlfn._xlws.FILTER(_xlpm.r,($A$6:$A$65<>"x")*(_xlpm.r>=_xlpm.i))), _xlpm.bot,IF(ISERROR(_xlpm.tmp),MAX(_xlpm.r),_xlpm.tmp), IF(_xlpm.bot=_xlpm.top,0,IF(EW$72,IF(SUM(_xlfn._xlws.FILTER(FF$6:FF$65,(_xlpm.r>_xlpm.top)*(_xlpm.r<_xlpm.bot))),1/SUM(_xlfn._xlws.FILTER(FF$6:FF$65,(_xlpm.r>_xlpm.top)*(_xlpm.r<_xlpm.bot)))*FF$72*INDEX(EW:EW,_xlpm.top)/EW$72,0),0)))} -> 0 | FP6: {=_xlfn.LET(_xlpm.r,ROW($A$6:$A$65), _xlpm.i,ROW(), _xlpm.top,MAX(_xlfn._xlws.FILTER(_xlpm.r,($A$6:$A$65<>"x")*(_xlpm.r<=_xlpm.i))), _xlpm.tmp,MIN(_xlfn._xlws.FILTER(_xlpm.r,($A$6:$A$65<>"x")*(_xlpm.r>=_xlpm.i))), _xlpm.bot,IF(ISERROR(_xlpm.tmp),MAX(_xlpm.r),_xlpm.tmp), IF(_xlpm.bot=_xlpm.top,0,IF(EX$72,IF(SUM(_xlfn._xlws.FILTER(FG$6:FG$65,(_xlpm.r>_xlpm.top)*(_xlpm.r<_xlpm.bot))),1/SUM(_xlfn._xlws.FILTER(FG$6:FG$65,(_xlpm.r>_xlpm.top)*(_xlpm.r<_xlpm.bot)))*FG$72*INDEX(EX:EX,_xlpm.top)/EX$72,0),0)))} -> 0
A7: x | B7: =LEN(D7) -> 145 | C7: =ROW()-5 -> 2 | D7: 1.1 Ableitung von Zielwerten für Erkennungsquote, Sammelrate, Kollisionsabstand, Laufzeit und Gewicht aus Nutzungsszenarien (Anforderungsanalyse) | F7: 1 | G7: 2 | I7: =IF(F7=0,"",EOMONTH(Project_Start,F7-1)) -> 46053 | J7: =IF(G7=0,"",EOMONTH(Project_Start,G7-1)) -> 46081 | L7: 4 | M7: {=_xlfn.LET( _xlpm.Z, _xlfn._xlws.FILTER($DY$6:$EE$65,$DX$6:$DX$65=C7), _xlpm.Q,_xlfn._xlws.FILTER($DP$6:$DV$65,$DO$6:$DO$65=C7), IF($A7="x",SUMPRODUCT(_xlpm.Z,$DY$73:$EE$73,EH7:EN7),SUMPRODUCT(_xlpm.Q,$DP$73:$DV$73)))} -> 0 | N7: {=_xlfn.LET( _xlpm.Z, SUM(IF($A7="x",_xlfn._xlws.FILTER($M$6:$M$65,$A$6:$A$65="x"),_xlfn._xlws.FILTER($M$6:$M$65,$A$6:$A$65<>"x"))), IF(_xlpm.Z<>0,M7/_xlpm.Z,""))} | P7: =L7 -> 4 | Q7: {=_xlfn.LET( _xlpm.Z, _xlfn._xlws.FILTER($FA$6:$FG$65,$EZ$6:$EZ$65=C7), _xlpm.Q,_xlfn._xlws.FILTER($ER$6:$EX$65,$EQ$6:$EQ$65=C7), IF($A7="x",SUMPRODUCT(_xlpm.Z,$FA$73:$FG$73,FJ7:FP7),SUMPRODUCT(_xlpm.Q,$ER$73:$EX$73)))} -> 0 | R7: {=_xlfn.LET( _xlpm.Z, SUM(IF($A7="x",_xlfn._xlws.FILTER($Q$6:$Q$65,$A$6:$A$65="x"),_xlfn._xlws.FILTER($Q$6:$Q$65,$A$6:$A$65<>"x"))), IF(_xlpm.Z<>0,Q7/_xlpm.Z,""))} | AF7: =_xlfn.LET( _xlpm.project_monat,AF$3, _xlpm.start_monat,$F7, _xlpm.ende_monat,$G7, IF(AND(_xlpm.project_monat>=_xlpm.start_monat,_xlpm.project_monat<=_xlpm.ende_monat),IF($A7="x",2,1),"")) -> 2 | AG7: =_xlfn.LET( _xlpm.project_monat,AG$3, _xlpm.start_monat,$F7, _xlpm.ende_monat,$G7, IF(AND(_xlpm.project_monat>=_xlpm.start_monat,_xlpm.project_monat<=_xlpm.ende_monat),IF($A7="x",2,1),"")) -> 2 | AH7: =_xlfn.LET( _xlpm.project_monat,AH$3, _xlpm.start_monat,$F7, _xlpm.ende_monat,$G7, IF(AND(_xlpm.project_monat>=_xlpm.start_monat,_xlpm.project_monat<=_xlpm.ende_monat),IF($A7="x",2,1),"")) | AI7: =_xlfn.LET( _xlpm.project_monat,AI$3, _xlpm.start_monat,$F7, _xlpm.ende_monat,$G7, IF(AND(_xlpm.project_monat>=_xlpm.start_monat,_xlpm.project_monat<=_xlpm.ende_monat),IF($A7="x",2,1),"")) | AJ7: =_xlfn.LET( _xlpm.project_monat,AJ$3, _xlpm.start_monat,$F7, _xlpm.ende_monat,$G7, IF(AND(_xlpm.project_monat>=_xlpm.start_monat,_xlpm.project_monat<=_xlpm.ende_monat),IF($A7="x",2,1),"")) | AK7: =_xlfn.LET( _xlpm.project_monat,AK$3, _xlpm.start_monat,$F7, _xlpm.ende_monat,$G7, IF(AND(_xlpm.project_monat>=_xlpm.start_monat,_xlpm.project_monat<=_xlpm.ende_monat),IF($A7="x",2,1),"")) | AL7: =_xlfn.LET( _xlpm.project_monat,AL$3, _xlpm.start_monat,$F7, _xlpm.ende_monat,$G7, IF(AND(_xlpm.project_monat>=_xlpm.start_monat,_xlpm.project_monat<=_xlpm.ende_monat),IF($A7="x",2,1),"")) | AM7: =_xlfn.LET( _xlpm.project_monat,AM$3, _xlpm.start_monat,$F7, _xlpm.ende_monat,$G7, IF(AND(_xlpm.project_monat>=_xlpm.start_monat,_xlpm.project_monat<=_xlpm.ende_monat),IF($A7="x",2,1),"")) | ... DK7: =_xlfn.LET( _xlpm.project_monat,DK$3, _xlpm.start_monat,$F7, _xlpm.ende_monat,$G7, IF(AND(_xlpm.project_monat>=_xlpm.start_monat,_xlpm.project_monat<=_xlpm.ende_monat),IF($A7="x",2,1),"")) | DO7: =$C7 -> 2 | DP7: =IF($A7<>"x",$L7*SUMIFS($AF7:$DK7,$AF$4:$DK$4,Jahresscheiben!C$2),0) -> 0 | DQ7: =IF($A7<>"x",$L7*SUMIFS($AF7:$DK7,$AF$4:$DK$4,Jahresscheiben!D$2),0) -> 0 | DR7: =IF($A7<>"x",$L7*SUMIFS($AF7:$DK7,$AF$4:$DK$4,Jahresscheiben!E$2),0) -> 0 | DS7: =IF($A7<>"x",$L7*SUMIFS($AF7:$DK7,$AF$4:$DK$4,Jahresscheiben!F$2),0) -> 0 | DT7: =IF($A7<>"x",$L7*SUMIFS($AF7:$DK7,$AF$4:$DK$4,Jahresscheiben!G$2),0) -> 0 | DU7: =IF($A7<>"x",$L7*SUMIFS($AF7:$DK7,$AF$4:$DK$4,Jahresscheiben!H$2),0) -> 0 | DV7: =IF($A7<>"x",$L7*SUMIFS($AF7:$DK7,$AF$4:$DK$4,Jahresscheiben!I$2),0) -> 0 | DX7: =$C7 -> 2 | DY7: =IF($A7="x",$L7*SUMIFS($AF7:$DK7,$AF$4:$DK$4,Jahresscheiben!C$2)/2,0) -> 8 | DZ7: =IF($A7="x",$L7*SUMIFS($AF7:$DK7,$AF$4:$DK$4,Jahresscheiben!D$2)/2,0) -> 0 | EA7: =IF($A7="x",$L7*SUMIFS($AF7:$DK7,$AF$4:$DK$4,Jahresscheiben!E$2)/2,0) -> 0 | EB7: =IF($A7="x",$L7*SUMIFS($AF7:$DK7,$AF$4:$DK$4,Jahresscheiben!F$2)/2,0) -> 0 | EC7: =IF($A7="x",$L7*SUMIFS($AF7:$DK7,$AF$4:$DK$4,Jahresscheiben!G$2)/2,0) -> 0 | ED7: =IF($A7="x",$L7*SUMIFS($AF7:$DK7,$AF$4:$DK$4,Jahresscheiben!H$2)/2,0) -> 0 | EE7: =IF($A7="x",$L7*SUMIFS($AF7:$DK7,$AF$4:$DK$4,Jahresscheiben!I$2)/2,0) -> 0 | EG7: =$C7 -> 2 | EH7: {=_xlfn.LET(_xlpm.r,ROW($A$6:$A$65), _xlpm.i,ROW(), _xlpm.top,MAX(_xlfn._xlws.FILTER(_xlpm.r,($A$6:$A$65<>"x")*(_xlpm.r<=_xlpm.i))), _xlpm.tmp,MIN(_xlfn._xlws.FILTER(_xlpm.r,($A$6:$A$65<>"x")*(_xlpm.r>=_xlpm.i))), _xlpm.bot,IF(ISERROR(_xlpm.tmp),MAX(_xlpm.r),_xlpm.tmp), IF(_xlpm.bot=_xlpm.top,0,IF(DP$72,IF(SUM(_xlfn._xlws.FILTER(DY$6:DY$65,(_xlpm.r>_xlpm.top)*(_xlpm.r<_xlpm.bot))),1/SUM(_xlfn._xlws.FILTER(DY$6:DY$65,(_xlpm.r>_xlpm.top)*(_xlpm.r<_xlpm.bot)))*DY$72*INDEX(DP:DP,_xlpm.top)/DP$72,0),0)))} -> 0.86076298 | EI7: {=_xlfn.LET(_xlpm.r,ROW($A$6:$A$65), _xlpm.i,ROW(), _xlpm.top,MAX(_xlfn._xlws.FILTER(_xlpm.r,($A$6:$A$65<>"x")*(_xlpm.r<=_xlpm.i))), _xlpm.tmp,MIN(_xlfn._xlws.FILTER(_xlpm.r,($A$6:$A$65<>"x")*(_xlpm.r>=_xlpm.i))), _xlpm.bot,IF(ISERROR(_xlpm.tmp),MAX(_xlpm.r),_xlpm.tmp), IF(_xlpm.bot=_xlpm.top,0,IF(DQ$72,IF(SUM(_xlfn._xlws.FILTER(DZ$6:DZ$65,(_xlpm.r>_xlpm.top)*(_xlpm.r<_xlpm.bot))),1/SUM(_xlfn._xlws.FILTER(DZ$6:DZ$65,(_xlpm.r>_xlpm.top)*(_xlpm.r<_xlpm.bot)))*DZ$72*INDEX(DQ:DQ,_xlpm.top)/DQ$72,0),0)))} -> 0 | EJ7: {=_xlfn.LET(_xlpm.r,ROW($A$6:$A$65), _xlpm.i,ROW(), _xlpm.top,MAX(_xlfn._xlws.FILTER(_xlpm.r,($A$6:$A$65<>"x")*(_xlpm.r<=_xlpm.i))), _xlpm.tmp,MIN(_xlfn._xlws.FILTER(_xlpm.r,($A$6:$A$65<>"x")*(_xlpm.r>=_xlpm.i))), _xlpm.bot,IF(ISERROR(_xlpm.tmp),MAX(_xlpm.r),_xlpm.tmp), IF(_xlpm.bot=_xlpm.top,0,IF(DR$72,IF(SUM(_xlfn._xlws.FILTER(EA$6:EA$65,(_xlpm.r>_xlpm.top)*(_xlpm.r<_xlpm.bot))),1/SUM(_xlfn._xlws.FILTER(EA$6:EA$65,(_xlpm.r>_xlpm.top)*(_xlpm.r<_xlpm.bot)))*EA$72*INDEX(DR:DR,_xlpm.top)/DR$72,0),0)))} -> 0 | EK7: {=_xlfn.LET(_xlpm.r,ROW($A$6:$A$65), _xlpm.i,ROW(), _xlpm.top,MAX(_xlfn._xlws.FILTER(_xlpm.r,($A$6:$A$65<>"x")*(_xlpm.r<=_xlpm.i))), _xlpm.tmp,MIN(_xlfn._xlws.FILTER(_xlpm.r,($A$6:$A$65<>"x")*(_xlpm.r>=_xlpm.i))), _xlpm.bot,IF(ISERROR(_xlpm.tmp),MAX(_xlpm.r),_xlpm.tmp), IF(_xlpm.bot=_xlpm.top,0,IF(DS$72,IF(SUM(_xlfn._xlws.FILTER(EB$6:EB$65,(_xlpm.r>_xlpm.top)*(_xlpm.r<_xlpm.bot))),1/SUM(_xlfn._xlws.FILTER(EB$6:EB$65,(_xlpm.r>_xlpm.top)*(_xlpm.r<_xlpm.bot)))*EB$72*INDEX(DS:DS,_xlpm.top)/DS$72,0),0)))} -> 0 | EL7: {=_xlfn.LET(_xlpm.r,ROW($A$6:$A$65), _xlpm.i,ROW(), _xlpm.top,MAX(_xlfn._xlws.FILTER(_xlpm.r,($A$6:$A$65<>"x")*(_xlpm.r<=_xlpm.i))), _xlpm.tmp,MIN(_xlfn._xlws.FILTER(_xlpm.r,($A$6:$A$65<>"x")*(_xlpm.r>=_xlpm.i))), _xlpm.bot,IF(ISERROR(_xlpm.tmp),MAX(_xlpm.r),_xlpm.tmp), IF(_xlpm.bot=_xlpm.top,0,IF(DT$72,IF(SUM(_xlfn._xlws.FILTER(EC$6:EC$65,(_xlpm.r>_xlpm.top)*(_xlpm.r<_xlpm.bot))),1/SUM(_xlfn._xlws.FILTER(EC$6:EC$65,(_xlpm.r>_xlpm.top)*(_xlpm.r<_xlpm.bot)))*EC$72*INDEX(DT:DT,_xlpm.top)/DT$72,0),0)))} -> 0 | EM7: {=_xlfn.LET(_xlpm.r,ROW($A$6:$A$65), _xlpm.i,ROW(), _xlpm.top,MAX(_xlfn._xlws.FILTER(_xlpm.r,($A$6:$A$65<>"x")*(_xlpm.r<=_xlpm.i))), _xlpm.tmp,MIN(_xlfn._xlws.FILTER(_xlpm.r,($A$6:$A$65<>"x")*(_xlpm.r>=_xlpm.i))), _xlpm.bot,IF(ISERROR(_xlpm.tmp),MAX(_xlpm.r),_xlpm.tmp), IF(_xlpm.bot=_xlpm.top,0,IF(DU$72,IF(SUM(_xlfn._xlws.FILTER(ED$6:ED$65,(_xlpm.r>_xlpm.top)*(_xlpm.r<_xlpm.bot))),1/SUM(_xlfn._xlws.FILTER(ED$6:ED$65,(_xlpm.r>_xlpm.top)*(_xlpm.r<_xlpm.bot)))*ED$72*INDEX(DU:DU,_xlpm.top)/DU$72,0),0)))} -> 0 | EN7: {=_xlfn.LET(_xlpm.r,ROW($A$6:$A$65), _xlpm.i,ROW(), _xlpm.top,MAX(_xlfn._xlws.FILTER(_xlpm.r,($A$6:$A$65<>"x")*(_xlpm.r<=_xlpm.i))), _xlpm.tmp,MIN(_xlfn._xlws.FILTER(_xlpm.r,($A$6:$A$65<>"x")*(_xlpm.r>=_xlpm.i))), _xlpm.bot,IF(ISERROR(_xlpm.tmp),MAX(_xlpm.r),_xlpm.tmp), IF(_xlpm.bot=_xlpm.top,0,IF(DV$72,IF(SUM(_xlfn._xlws.FILTER(EE$6:EE$65,(_xlpm.r>_xlpm.top)*(_xlpm.r<_xlpm.bot))),1/SUM(_xlfn._xlws.FILTER(EE$6:EE$65,(_xlpm.r>_xlpm.top)*(_xlpm.r<_xlpm.bot)))*EE$72*INDEX(DV:DV,_xlpm.top)/DV$72,0),0)))} -> 0 | EQ7: =$C7 -> 2 | ER7: =IF($A7<>"x",$P7*SUMIFS($AF7:$DK7,$AF$4:$DK$4,Jahresscheiben!C$2),0) -> 0 | ES7: =IF($A7<>"x",$P7*SUMIFS($AF7:$DK7,$AF$4:$DK$4,Jahresscheiben!D$2),0) -> 0 | ET7: =IF($A7<>"x",$P7*SUMIFS($AF7:$DK7,$AF$4:$DK$4,Jahresscheiben!E$2),0) -> 0 | EU7: =IF($A7<>"x",$P7*SUMIFS($AF7:$DK7,$AF$4:$DK$4,Jahresscheiben!F$2),0) -> 0 | EV7: =IF($A7<>"x",$P7*SUMIFS($AF7:$DK7,$AF$4:$DK$4,Jahresscheiben!G$2),0) -> 0 | EW7: =IF($A7<>"x",$P7*SUMIFS($AF7:$DK7,$AF$4:$DK$4,Jahresscheiben!H$2),0) -> 0 | EX7: =IF($A7<>"x",$P7*SUMIFS($AF7:$DK7,$AF$4:$DK$4,Jahresscheiben!I$2),0) -> 0 | EZ7: =$C7 -> 2 | FA7: =IF($A7="x",$P7*SUMIFS($AF7:$DK7,$AF$4:$DK$4,Jahresscheiben!C$2)/2,0) -> 8 | FB7: =IF($A7="x",$P7*SUMIFS($AF7:$DK7,$AF$4:$DK$4,Jahresscheiben!D$2)/2,0) -> 0 | FC7: =IF($A7="x",$P7*SUMIFS($AF7:$DK7,$AF$4:$DK$4,Jahresscheiben!E$2)/2,0) -> 0 | FD7: =IF($A7="x",$P7*SUMIFS($AF7:$DK7,$AF$4:$DK$4,Jahresscheiben!F$2)/2,0) -> 0 | FE7: =IF($A7="x",$P7*SUMIFS($AF7:$DK7,$AF$4:$DK$4,Jahresscheiben!G$2)/2,0) -> 0 | FF7: =IF($A7="x",$P7*SUMIFS($AF7:$DK7,$AF$4:$DK$4,Jahresscheiben!H$2)/2,0) -> 0 | FG7: =IF($A7="x",$P7*SUMIFS($AF7:$DK7,$AF$4:$DK$4,Jahresscheiben!I$2)/2,0) -> 0 | FI7: =$C7 -> 2 | FJ7: {=_xlfn.LET(_xlpm.r,ROW($A$6:$A$65), _xlpm.i,ROW(), _xlpm.top,MAX(_xlfn._xlws.FILTER(_xlpm.r,($A$6:$A$65<>"x")*(_xlpm.r<=_xlpm.i))), _xlpm.tmp,MIN(_xlfn._xlws.FILTER(_xlpm.r,($A$6:$A$65<>"x")*(_xlpm.r>=_xlpm.i))), _xlpm.bot,IF(ISERROR(_xlpm.tmp),MAX(_xlpm.r),_xlpm.tmp), IF(_xlpm.bot=_xlpm.top,0,IF(ER$72,IF(SUM(_xlfn._xlws.FILTER(FA$6:FA$65,(_xlpm.r>_xlpm.top)*(_xlpm.r<_xlpm.bot))),1/SUM(_xlfn._xlws.FILTER(FA$6:FA$65,(_xlpm.r>_xlpm.top)*(_xlpm.r<_xlpm.bot)))*FA$72*INDEX(ER:ER,_xlpm.top)/ER$72,0),0)))} -> 0.86076298 | FK7: {=_xlfn.LET(_xlpm.r,ROW($A$6:$A$65), _xlpm.i,ROW(), _xlpm.top,MAX(_xlfn._xlws.FILTER(_xlpm.r,($A$6:$A$65<>"x")*(_xlpm.r<=_xlpm.i))), _xlpm.tmp,MIN(_xlfn._xlws.FILTER(_xlpm.r,($A$6:$A$65<>"x")*(_xlpm.r>=_xlpm.i))), _xlpm.bot,IF(ISERROR(_xlpm.tmp),MAX(_xlpm.r),_xlpm.tmp), IF(_xlpm.bot=_xlpm.top,0,IF(ES$72,IF(SUM(_xlfn._xlws.FILTER(FB$6:FB$65,(_xlpm.r>_xlpm.top)*(_xlpm.r<_xlpm.bot))),1/SUM(_xlfn._xlws.FILTER(FB$6:FB$65,(_xlpm.r>_xlpm.top)*(_xlpm.r<_xlpm.bot)))*FB$72*INDEX(ES:ES,_xlpm.top)/ES$72,0),0)))} -> 0 | FL7: {=_xlfn.LET(_xlpm.r,ROW($A$6:$A$65), _xlpm.i,ROW(), _xlpm.top,MAX(_xlfn._xlws.FILTER(_xlpm.r,($A$6:$A$65<>"x")*(_xlpm.r<=_xlpm.i))), _xlpm.tmp,MIN(_xlfn._xlws.FILTER(_xlpm.r,($A$6:$A$65<>"x")*(_xlpm.r>=_xlpm.i))), _xlpm.bot,IF(ISERROR(_xlpm.tmp),MAX(_xlpm.r),_xlpm.tmp), IF(_xlpm.bot=_xlpm.top,0,IF(ET$72,IF(SUM(_xlfn._xlws.FILTER(FC$6:FC$65,(_xlpm.r>_xlpm.top)*(_xlpm.r<_xlpm.bot))),1/SUM(_xlfn._xlws.FILTER(FC$6:FC$65,(_xlpm.r>_xlpm.top)*(_xlpm.r<_xlpm.bot)))*FC$72*INDEX(ET:ET,_xlpm.top)/ET$72,0),0)))} -> 0 | FM7: {=_xlfn.LET(_xlpm.r,ROW($A$6:$A$65), _xlpm.i,ROW(), _xlpm.top,MAX(_xlfn._xlws.FILTER(_xlpm.r,($A$6:$A$65<>"x")*(_xlpm.r<=_xlpm.i))), _xlpm.tmp,MIN(_xlfn._xlws.FILTER(_xlpm.r,($A$6:$A$65<>"x")*(_xlpm.r>=_xlpm.i))), _xlpm.bot,IF(ISERROR(_xlpm.tmp),MAX(_xlpm.r),_xlpm.tmp), IF(_xlpm.bot=_xlpm.top,0,IF(EU$72,IF(SUM(_xlfn._xlws.FILTER(FD$6:FD$65,(_xlpm.r>_xlpm.top)*(_xlpm.r<_xlpm.bot))),1/SUM(_xlfn._xlws.FILTER(FD$6:FD$65,(_xlpm.r>_xlpm.top)*(_xlpm.r<_xlpm.bot)))*FD$72*INDEX(EU:EU,_xlpm.top)/EU$72,0),0)))} -> 0 | FN7: {=_xlfn.LET(_xlpm.r,ROW($A$6:$A$65), _xlpm.i,ROW(), _xlpm.top,MAX(_xlfn._xlws.FILTER(_xlpm.r,($A$6:$A$65<>"x")*(_xlpm.r<=_xlpm.i))), _xlpm.tmp,MIN(_xlfn._xlws.FILTER(_xlpm.r,($A$6:$A$65<>"x")*(_xlpm.r>=_xlpm.i))), _xlpm.bot,IF(ISERROR(_xlpm.tmp),MAX(_xlpm.r),_xlpm.tmp), IF(_xlpm.bot=_xlpm.top,0,IF(EV$72,IF(SUM(_xlfn._xlws.FILTER(FE$6:FE$65,(_xlpm.r>_xlpm.top)*(_xlpm.r<_xlpm.bot))),1/SUM(_xlfn._xlws.FILTER(FE$6:FE$65,(_xlpm.r>_xlpm.top)*(_xlpm.r<_xlpm.bot)))*FE$72*INDEX(EV:EV,_xlpm.top)/EV$72,0),0)))} -> 0 | FO7: {=_xlfn.LET(_xlpm.r,ROW($A$6:$A$65), _xlpm.i,ROW(), _xlpm.top,MAX(_xlfn._xlws.FILTER(_xlpm.r,($A$6:$A$65<>"x")*(_xlpm.r<=_xlpm.i))), _xlpm.tmp,MIN(_xlfn._xlws.FILTER(_xlpm.r,($A$6:$A$65<>"x")*(_xlpm.r>=_xlpm.i))), _xlpm.bot,IF(ISERROR(_xlpm.tmp),MAX(_xlpm.r),_xlpm.tmp), IF(_xlpm.bot=_xlpm.top,0,IF(EW$72,IF(SUM(_xlfn._xlws.FILTER(FF$6:FF$65,(_xlpm.r>_xlpm.top)*(_xlpm.r<_xlpm.bot))),1/SUM(_xlfn._xlws.FILTER(FF$6:FF$65,(_xlpm.r>_xlpm.top)*(_xlpm.r<_xlpm.bot)))*FF$72*INDEX(EW:EW,_xlpm.top)/EW$72,0),0)))} -> 0 | FP7: {=_xlfn.LET(_xlpm.r,ROW($A$6:$A$65), _xlpm.i,ROW(), _xlpm.top,MAX(_xlfn._xlws.FILTER(_xlpm.r,($A$6:$A$65<>"x")*(_xlpm.r<=_xlpm.i))), _xlpm.tmp,MIN(_xlfn._xlws.FILTER(_xlpm.r,($A$6:$A$65<>"x")*(_xlpm.r>=_xlpm.i))), _xlpm.bot,IF(ISERROR(_xlpm.tmp),MAX(_xlpm.r),_xlpm.tmp), IF(_xlpm.bot=_xlpm.top,0,IF(EX$72,IF(SUM(_xlfn._xlws.FILTER(FG$6:FG$65,(_xlpm.r>_xlpm.top)*(_xlpm.r<_xlpm.bot))),1/SUM(_xlfn._xlws.FILTER(FG$6:FG$65,(_xlpm.r>_xlpm.top)*(_xlpm.r<_xlpm.bot)))*FG$72*INDEX(EX:EX,_xlpm.top)/EX$72,0),0)))} -> 0
A8: x | B8: =LEN(D8) -> 146 | C8: =ROW()-5 -> 3 | D8: 1.2 Abgrenzung der Forschungsfragen zu Lichtrobustheit, Mehrballaufnahme und gleichzeitiger Erfüllung von Laufzeit und Gewicht (Hypothesenbildung) | F8: 1 | G8: 3 | I8: =IF(F8=0,"",EOMONTH(Project_Start,F8-1)) -> 46053 | J8: =IF(G8=0,"",EOMONTH(Project_Start,G8-1)) -> 46112 | L8: 4 | M8: {=_xlfn.LET( _xlpm.Z, _xlfn._xlws.FILTER($DY$6:$EE$65,$DX$6:$DX$65=C8), _xlpm.Q,_xlfn._xlws.FILTER($DP$6:$DV$65,$DO$6:$DO$65=C8), IF($A8="x",SUMPRODUCT(_xlpm.Z,$DY$73:$EE$73,EH8:EN8),SUMPRODUCT(_xlpm.Q,$DP$73:$DV$73)))} -> 0 | N8: {=_xlfn.LET( _xlpm.Z, SUM(IF($A8="x",_xlfn._xlws.FILTER($M$6:$M$65,$A$6:$A$65="x"),_xlfn._xlws.FILTER($M$6:$M$65,$A$6:$A$65<>"x"))), IF(_xlpm.Z<>0,M8/_xlpm.Z,""))} | P8: =L8 -> 4 | Q8: {=_xlfn.LET( _xlpm.Z, _xlfn._xlws.FILTER($FA$6:$FG$65,$EZ$6:$EZ$65=C8), _xlpm.Q,_xlfn._xlws.FILTER($ER$6:$EX$65,$EQ$6:$EQ$65=C8), IF($A8="x",SUMPRODUCT(_xlpm.Z,$FA$73:$FG$73,FJ8:FP8),SUMPRODUCT(_xlpm.Q,$ER$73:$EX$73)))} -> 0 | R8: {=_xlfn.LET( _xlpm.Z, SUM(IF($A8="x",_xlfn._xlws.FILTER($Q$6:$Q$65,$A$6:$A$65="x"),_xlfn._xlws.FILTER($Q$6:$Q$65,$A$6:$A$65<>"x"))), IF(_xlpm.Z<>0,Q8/_xlpm.Z,""))} | AF8: =_xlfn.LET( _xlpm.project_monat,AF$3, _xlpm.start_monat,$F8, _xlpm.ende_monat,$G8, IF(AND(_xlpm.project_monat>=_xlpm.start_monat,_xlpm.project_monat<=_xlpm.ende_monat),IF($A8="x",2,1),"")) -> 2 | AG8: =_xlfn.LET( _xlpm.project_monat,AG$3, _xlpm.start_monat,$F8, _xlpm.ende_monat,$G8, IF(AND(_xlpm.project_monat>=_xlpm.start_monat,_xlpm.project_monat<=_xlpm.ende_monat),IF($A8="x",2,1),"")) -> 2 | AH8: =_xlfn.LET( _xlpm.project_monat,AH$3, _xlpm.start_monat,$F8, _xlpm.ende_monat,$G8, IF(AND(_xlpm.project_monat>=_xlpm.start_monat,_xlpm.project_monat<=_xlpm.ende_monat),IF($A8="x",2,1),"")) -> 2 | AI8: =_xlfn.LET( _xlpm.project_monat,AI$3, _xlpm.start_monat,$F8, _xlpm.ende_monat,$G8, IF(AND(_xlpm.project_monat>=_xlpm.start_monat,_xlpm.project_monat<=_xlpm.ende_monat),IF($A8="x",2,1),"")) | AJ8: =_xlfn.LET( _xlpm.project_monat,AJ$3, _xlpm.start_monat,$F8, _xlpm.ende_monat,$G8, IF(AND(_xlpm.project_monat>=_xlpm.start_monat,_xlpm.project_monat<=_xlpm.ende_monat),IF($A8="x",2,1),"")) | AK8: =_xlfn.LET( _xlpm.project_monat,AK$3, _xlpm.start_monat,$F8, _xlpm.ende_monat,$G8, IF(AND(_xlpm.project_monat>=_xlpm.start_monat,_xlpm.project_monat<=_xlpm.ende_monat),IF($A8="x",2,1),"")) | AL8: =_xlfn.LET( _xlpm.project_monat,AL$3, _xlpm.start_monat,$F8, _xlpm.ende_monat,$G8, IF(AND(_xlpm.project_monat>=_xlpm.start_monat,_xlpm.project_monat<=_xlpm.ende_monat),IF($A8="x",2,1),"")) | AM8: =_xlfn.LET( _xlpm.project_monat,AM$3, _xlpm.start_monat,$F8, _xlpm.ende_monat,$G8, IF(AND(_xlpm.project_monat>=_xlpm.start_monat,_xlpm.project_monat<=_xlpm.ende_monat),IF($A8="x",2,1),"")) | ... DK8: =_xlfn.LET( _xlpm.project_monat,DK$3, _xlpm.start_monat,$F8, _xlpm.ende_monat,$G8, IF(AND(_xlpm.project_monat>=_xlpm.start_monat,_xlpm.project_monat<=_xlpm.ende_monat),IF($A8="x",2,1),"")) | DO8: =$C8 -> 3 | DP8: =IF($A8<>"x",$L8*SUMIFS($AF8:$DK8,$AF$4:$DK$4,Jahresscheiben!C$2),0) -> 0 | DQ8: =IF($A8<>"x",$L8*SUMIFS($AF8:$DK8,$AF$4:$DK$4,Jahresscheiben!D$2),0) -> 0 | DR8: =IF($A8<>"x",$L8*SUMIFS($AF8:$DK8,$AF$4:$DK$4,Jahresscheiben!E$2),0) -> 0 | DS8: =IF($A8<>"x",$L8*SUMIFS($AF8:$DK8,$AF$4:$DK$4,Jahresscheiben!F$2),0) -> 0 | DT8: =IF($A8<>"x",$L8*SUMIFS($AF8:$DK8,$AF$4:$DK$4,Jahresscheiben!G$2),0) -> 0 | DU8: =IF($A8<>"x",$L8*SUMIFS($AF8:$DK8,$AF$4:$DK$4,Jahresscheiben!H$2),0) -> 0 | DV8: =IF($A8<>"x",$L8*SUMIFS($AF8:$DK8,$AF$4:$DK$4,Jahresscheiben!I$2),0) -> 0 | DX8: =$C8 -> 3 | DY8: =IF($A8="x",$L8*SUMIFS($AF8:$DK8,$AF$4:$DK$4,Jahresscheiben!C$2)/2,0) -> 12 | DZ8: =IF($A8="x",$L8*SUMIFS($AF8:$DK8,$AF$4:$DK$4,Jahresscheiben!D$2)/2,0) -> 0 | EA8: =IF($A8="x",$L8*SUMIFS($AF8:$DK8,$AF$4:$DK$4,Jahresscheiben!E$2)/2,0) -> 0 | EB8: =IF($A8="x",$L8*SUMIFS($AF8:$DK8,$AF$4:$DK$4,Jahresscheiben!F$2)/2,0) -> 0 | EC8: =IF($A8="x",$L8*SUMIFS($AF8:$DK8,$AF$4:$DK$4,Jahresscheiben!G$2)/2,0) -> 0 | ED8: =IF($A8="x",$L8*SUMIFS($AF8:$DK8,$AF$4:$DK$4,Jahresscheiben!H$2)/2,0) -> 0 | EE8: =IF($A8="x",$L8*SUMIFS($AF8:$DK8,$AF$4:$DK$4,Jahresscheiben!I$2)/2,0) -> 0 | EG8: =$C8 -> 3 | EH8: {=_xlfn.LET(_xlpm.r,ROW($A$6:$A$65), _xlpm.i,ROW(), _xlpm.top,MAX(_xlfn._xlws.FILTER(_xlpm.r,($A$6:$A$65<>"x")*(_xlpm.r<=_xlpm.i))), _xlpm.tmp,MIN(_xlfn._xlws.FILTER(_xlpm.r,($A$6:$A$65<>"x")*(_xlpm.r>=_xlpm.i))), _xlpm.bot,IF(ISERROR(_xlpm.tmp),MAX(_xlpm.r),_xlpm.tmp), IF(_xlpm.bot=_xlpm.top,0,IF(DP$72,IF(SUM(_xlfn._xlws.FILTER(DY$6:DY$65,(_xlpm.r>_xlpm.top)*(_xlpm.r<_xlpm.bot))),1/SUM(_xlfn._xlws.FILTER(DY$6:DY$65,(_xlpm.r>_xlpm.top)*(_xlpm.r<_xlpm.bot)))*DY$72*INDEX(DP:DP,_xlpm.top)/DP$72,0),0)))} -> 0.86076298 | EI8: {=_xlfn.LET(_xlpm.r,ROW($A$6:$A$65), _xlpm.i,ROW(), _xlpm.top,MAX(_xlfn._xlws.FILTER(_xlpm.r,($A$6:$A$65<>"x")*(_xlpm.r<=_xlpm.i))), _xlpm.tmp,MIN(_xlfn._xlws.FILTER(_xlpm.r,($A$6:$A$65<>"x")*(_xlpm.r>=_xlpm.i))), _xlpm.bot,IF(ISERROR(_xlpm.tmp),MAX(_xlpm.r),_xlpm.tmp), IF(_xlpm.bot=_xlpm.top,0,IF(DQ$72,IF(SUM(_xlfn._xlws.FILTER(DZ$6:DZ$65,(_xlpm.r>_xlpm.top)*(_xlpm.r<_xlpm.bot))),1/SUM(_xlfn._xlws.FILTER(DZ$6:DZ$65,(_xlpm.r>_xlpm.top)*(_xlpm.r<_xlpm.bot)))*DZ$72*INDEX(DQ:DQ,_xlpm.top)/DQ$72,0),0)))} -> 0 | EJ8: {=_xlfn.LET(_xlpm.r,ROW($A$6:$A$65), _xlpm.i,ROW(), _xlpm.top,MAX(_xlfn._xlws.FILTER(_xlpm.r,($A$6:$A$65<>"x")*(_xlpm.r<=_xlpm.i))), _xlpm.tmp,MIN(_xlfn._xlws.FILTER(_xlpm.r,($A$6:$A$65<>"x")*(_xlpm.r>=_xlpm.i))), _xlpm.bot,IF(ISERROR(_xlpm.tmp),MAX(_xlpm.r),_xlpm.tmp), IF(_xlpm.bot=_xlpm.top,0,IF(DR$72,IF(SUM(_xlfn._xlws.FILTER(EA$6:EA$65,(_xlpm.r>_xlpm.top)*(_xlpm.r<_xlpm.bot))),1/SUM(_xlfn._xlws.FILTER(EA$6:EA$65,(_xlpm.r>_xlpm.top)*(_xlpm.r<_xlpm.bot)))*EA$72*INDEX(DR:DR,_xlpm.top)/DR$72,0),0)))} -> 0 | EK8: {=_xlfn.LET(_xlpm.r,ROW($A$6:$A$65), _xlpm.i,ROW(), _xlpm.top,MAX(_xlfn._xlws.FILTER(_xlpm.r,($A$6:$A$65<>"x")*(_xlpm.r<=_xlpm.i))), _xlpm.tmp,MIN(_xlfn._xlws.FILTER(_xlpm.r,($A$6:$A$65<>"x")*(_xlpm.r>=_xlpm.i))), _xlpm.bot,IF(ISERROR(_xlpm.tmp),MAX(_xlpm.r),_xlpm.tmp), IF(_xlpm.bot=_xlpm.top,0,IF(DS$72,IF(SUM(_xlfn._xlws.FILTER(EB$6:EB$65,(_xlpm.r>_xlpm.top)*(_xlpm.r<_xlpm.bot))),1/SUM(_xlfn._xlws.FILTER(EB$6:EB$65,(_xlpm.r>_xlpm.top)*(_xlpm.r<_xlpm.bot)))*EB$72*INDEX(DS:DS,_xlpm.top)/DS$72,0),0)))} -> 0 | EL8: {=_xlfn.LET(_xlpm.r,ROW($A$6:$A$65), _xlpm.i,ROW(), _xlpm.top,MAX(_xlfn._xlws.FILTER(_xlpm.r,($A$6:$A$65<>"x")*(_xlpm.r<=_xlpm.i))), _xlpm.tmp,MIN(_xlfn._xlws.FILTER(_xlpm.r,($A$6:$A$65<>"x")*(_xlpm.r>=_xlpm.i))), _xlpm.bot,IF(ISERROR(_xlpm.tmp),MAX(_xlpm.r),_xlpm.tmp), IF(_xlpm.bot=_xlpm.top,0,IF(DT$72,IF(SUM(_xlfn._xlws.FILTER(EC$6:EC$65,(_xlpm.r>_xlpm.top)*(_xlpm.r<_xlpm.bot))),1/SUM(_xlfn._xlws.FILTER(EC$6:EC$65,(_xlpm.r>_xlpm.top)*(_xlpm.r<_xlpm.bot)))*EC$72*INDEX(DT:DT,_xlpm.top)/DT$72,0),0)))} -> 0 | EM8: {=_xlfn.LET(_xlpm.r,ROW($A$6:$A$65), _xlpm.i,ROW(), _xlpm.top,MAX(_xlfn._xlws.FILTER(_xlpm.r,($A$6:$A$65<>"x")*(_xlpm.r<=_xlpm.i))), _xlpm.tmp,MIN(_xlfn._xlws.FILTER(_xlpm.r,($A$6:$A$65<>"x")*(_xlpm.r>=_xlpm.i))), _xlpm.bot,IF(ISERROR(_xlpm.tmp),MAX(_xlpm.r),_xlpm.tmp), IF(_xlpm.bot=_xlpm.top,0,IF(DU$72,IF(SUM(_xlfn._xlws.FILTER(ED$6:ED$65,(_xlpm.r>_xlpm.top)*(_xlpm.r<_xlpm.bot))),1/SUM(_xlfn._xlws.FILTER(ED$6:ED$65,(_xlpm.r>_xlpm.top)*(_xlpm.r<_xlpm.bot)))*ED$72*INDEX(DU:DU,_xlpm.top)/DU$72,0),0)))} -> 0 | EN8: {=_xlfn.LET(_xlpm.r,ROW($A$6:$A$65), _xlpm.i,ROW(), _xlpm.top,MAX(_xlfn._xlws.FILTER(_xlpm.r,($A$6:$A$65<>"x")*(_xlpm.r<=_xlpm.i))), _xlpm.tmp,MIN(_xlfn._xlws.FILTER(_xlpm.r,($A$6:$A$65<>"x")*(_xlpm.r>=_xlpm.i))), _xlpm.bot,IF(ISERROR(_xlpm.tmp),MAX(_xlpm.r),_xlpm.tmp), IF(_xlpm.bot=_xlpm.top,0,IF(DV$72,IF(SUM(_xlfn._xlws.FILTER(EE$6:EE$65,(_xlpm.r>_xlpm.top)*(_xlpm.r<_xlpm.bot))),1/SUM(_xlfn._xlws.FILTER(EE$6:EE$65,(_xlpm.r>_xlpm.top)*(_xlpm.r<_xlpm.bot)))*EE$72*INDEX(DV:DV,_xlpm.top)/DV$72,0),0)))} -> 0 | EQ8: =$C8 -> 3 | ER8: =IF($A8<>"x",$P8*SUMIFS($AF8:$DK8,$AF$4:$DK$4,Jahresscheiben!C$2),0) -> 0 | ES8: =IF($A8<>"x",$P8*SUMIFS($AF8:$DK8,$AF$4:$DK$4,Jahresscheiben!D$2),0) -> 0 | ET8: =IF($A8<>"x",$P8*SUMIFS($AF8:$DK8,$AF$4:$DK$4,Jahresscheiben!E$2),0) -> 0 | EU8: =IF($A8<>"x",$P8*SUMIFS($AF8:$DK8,$AF$4:$DK$4,Jahresscheiben!F$2),0) -> 0 | EV8: =IF($A8<>"x",$P8*SUMIFS($AF8:$DK8,$AF$4:$DK$4,Jahresscheiben!G$2),0) -> 0 | EW8: =IF($A8<>"x",$P8*SUMIFS($AF8:$DK8,$AF$4:$DK$4,Jahresscheiben!H$2),0) -> 0 | EX8: =IF($A8<>"x",$P8*SUMIFS($AF8:$DK8,$AF$4:$DK$4,Jahresscheiben!I$2),0) -> 0 | EZ8: =$C8 -> 3 | FA8: =IF($A8="x",$P8*SUMIFS($AF8:$DK8,$AF$4:$DK$4,Jahresscheiben!C$2)/2,0) -> 12 | FB8: =IF($A8="x",$P8*SUMIFS($AF8:$DK8,$AF$4:$DK$4,Jahresscheiben!D$2)/2,0) -> 0 | FC8: =IF($A8="x",$P8*SUMIFS($AF8:$DK8,$AF$4:$DK$4,Jahresscheiben!E$2)/2,0) -> 0 | FD8: =IF($A8="x",$P8*SUMIFS($AF8:$DK8,$AF$4:$DK$4,Jahresscheiben!F$2)/2,0) -> 0 | FE8: =IF($A8="x",$P8*SUMIFS($AF8:$DK8,$AF$4:$DK$4,Jahresscheiben!G$2)/2,0) -> 0 | FF8: =IF($A8="x",$P8*SUMIFS($AF8:$DK8,$AF$4:$DK$4,Jahresscheiben!H$2)/2,0) -> 0 | FG8: =IF($A8="x",$P8*SUMIFS($AF8:$DK8,$AF$4:$DK$4,Jahresscheiben!I$2)/2,0) -> 0 | FI8: =$C8 -> 3 | FJ8: {=_xlfn.LET(_xlpm.r,ROW($A$6:$A$65), _xlpm.i,ROW(), _xlpm.top,MAX(_xlfn._xlws.FILTER(_xlpm.r,($A$6:$A$65<>"x")*(_xlpm.r<=_xlpm.i))), _xlpm.tmp,MIN(_xlfn._xlws.FILTER(_xlpm.r,($A$6:$A$65<>"x")*(_xlpm.r>=_xlpm.i))), _xlpm.bot,IF(ISERROR(_xlpm.tmp),MAX(_xlpm.r),_xlpm.tmp), IF(_xlpm.bot=_xlpm.top,0,IF(ER$72,IF(SUM(_xlfn._xlws.FILTER(FA$6:FA$65,(_xlpm.r>_xlpm.top)*(_xlpm.r<_xlpm.bot))),1/SUM(_xlfn._xlws.FILTER(FA$6:FA$65,(_xlpm.r>_xlpm.top)*(_xlpm.r<_xlpm.bot)))*FA$72*INDEX(ER:ER,_xlpm.top)/ER$72,0),0)))} -> 0.86076298 | FK8: {=_xlfn.LET(_xlpm.r,ROW($A$6:$A$65), _xlpm.i,ROW(), _xlpm.top,MAX(_xlfn._xlws.FILTER(_xlpm.r,($A$6:$A$65<>"x")*(_xlpm.r<=_xlpm.i))), _xlpm.tmp,MIN(_xlfn._xlws.FILTER(_xlpm.r,($A$6:$A$65<>"x")*(_xlpm.r>=_xlpm.i))), _xlpm.bot,IF(ISERROR(_xlpm.tmp),MAX(_xlpm.r),_xlpm.tmp), IF(_xlpm.bot=_xlpm.top,0,IF(ES$72,IF(SUM(_xlfn._xlws.FILTER(FB$6:FB$65,(_xlpm.r>_xlpm.top)*(_xlpm.r<_xlpm.bot))),1/SUM(_xlfn._xlws.FILTER(FB$6:FB$65,(_xlpm.r>_xlpm.top)*(_xlpm.r<_xlpm.bot)))*FB$72*INDEX(ES:ES,_xlpm.top)/ES$72,0),0)))} -> 0 | FL8: {=_xlfn.LET(_xlpm.r,ROW($A$6:$A$65), _xlpm.i,ROW(), _xlpm.top,MAX(_xlfn._xlws.FILTER(_xlpm.r,($A$6:$A$65<>"x")*(_xlpm.r<=_xlpm.i))), _xlpm.tmp,MIN(_xlfn._xlws.FILTER(_xlpm.r,($A$6:$A$65<>"x")*(_xlpm.r>=_xlpm.i))), _xlpm.bot,IF(ISERROR(_xlpm.tmp),MAX(_xlpm.r),_xlpm.tmp), IF(_xlpm.bot=_xlpm.top,0,IF(ET$72,IF(SUM(_xlfn._xlws.FILTER(FC$6:FC$65,(_xlpm.r>_xlpm.top)*(_xlpm.r<_xlpm.bot))),1/SUM(_xlfn._xlws.FILTER(FC$6:FC$65,(_xlpm.r>_xlpm.top)*(_xlpm.r<_xlpm.bot)))*FC$72*INDEX(ET:ET,_xlpm.top)/ET$72,0),0)))} -> 0 | FM8: {=_xlfn.LET(_xlpm.r,ROW($A$6:$A$65), _xlpm.i,ROW(), _xlpm.top,MAX(_xlfn._xlws.FILTER(_xlpm.r,($A$6:$A$65<>"x")*(_xlpm.r<=_xlpm.i))), _xlpm.tmp,MIN(_xlfn._xlws.FILTER(_xlpm.r,($A$6:$A$65<>"x")*(_xlpm.r>=_xlpm.i))), _xlpm.bot,IF(ISERROR(_xlpm.tmp),MAX(_xlpm.r),_xlpm.tmp), IF(_xlpm.bot=_xlpm.top,0,IF(EU$72,IF(SUM(_xlfn._xlws.FILTER(FD$6:FD$65,(_xlpm.r>_xlpm.top)*(_xlpm.r<_xlpm.bot))),1/SUM(_xlfn._xlws.FILTER(FD$6:FD$65,(_xlpm.r>_xlpm.top)*(_xlpm.r<_xlpm.bot)))*FD$72*INDEX(EU:EU,_xlpm.top)/EU$72,0),0)))} -> 0 | FN8: {=_xlfn.LET(_xlpm.r,ROW($A$6:$A$65), _xlpm.i,ROW(), _xlpm.top,MAX(_xlfn._xlws.FILTER(_xlpm.r,($A$6:$A$65<>"x")*(_xlpm.r<=_xlpm.i))), _xlpm.tmp,MIN(_xlfn._xlws.FILTER(_xlpm.r,($A$6:$A$65<>"x")*(_xlpm.r>=_xlpm.i))), _xlpm.bot,IF(ISERROR(_xlpm.tmp),MAX(_xlpm.r),_xlpm.tmp), IF(_xlpm.bot=_xlpm.top,0,IF(EV$72,IF(SUM(_xlfn._xlws.FILTER(FE$6:FE$65,(_xlpm.r>_xlpm.top)*(_xlpm.r<_xlpm.bot))),1/SUM(_xlfn._xlws.FILTER(FE$6:FE$65,(_xlpm.r>_xlpm.top)*(_xlpm.r<_xlpm.bot)))*FE$72*INDEX(EV:EV,_xlpm.top)/EV$72,0),0)))} -> 0 | FO8: {=_xlfn.LET(_xlpm.r,ROW($A$6:$A$65), _xlpm.i,ROW(), _xlpm.top,MAX(_xlfn._xlws.FILTER(_xlpm.r,($A$6:$A$65<>"x")*(_xlpm.r<=_xlpm.i))), _xlpm.tmp,MIN(_xlfn._xlws.FILTER(_xlpm.r,($A$6:$A$65<>"x")*(_xlpm.r>=_xlpm.i))), _xlpm.bot,IF(ISERROR(_xlpm.tmp),MAX(_xlpm.r),_xlpm.tmp), IF(_xlpm.bot=_xlpm.top,0,IF(EW$72,IF(SUM(_xlfn._xlws.FILTER(FF$6:FF$65,(_xlpm.r>_xlpm.top)*(_xlpm.r<_xlpm.bot))),1/SUM(_xlfn._xlws.FILTER(FF$6:FF$65,(_xlpm.r>_xlpm.top)*(_xlpm.r<_xlpm.bot)))*FF$72*INDEX(EW:EW,_xlpm.top)/EW$72,0),0)))} -> 0 | FP8: {=_xlfn.LET(_xlpm.r,ROW($A$6:$A$65), _xlpm.i,ROW(), _xlpm.top,MAX(_xlfn._xlws.FILTER(_xlpm.r,($A$6:$A$65<>"x")*(_xlpm.r<=_xlpm.i))), _xlpm.tmp,MIN(_xlfn._xlws.FILTER(_xlpm.r,($A$6:$A$65<>"x")*(_xlpm.r>=_xlpm.i))), _xlpm.bot,IF(ISERROR(_xlpm.tmp),MAX(_xlpm.r),_xlpm.tmp), IF(_xlpm.bot=_xlpm.top,0,IF(EX$72,IF(SUM(_xlfn._xlws.FILTER(FG$6:FG$65,(_xlpm.r>_xlpm.top)*(_xlpm.r<_xlpm.bot))),1/SUM(_xlfn._xlws.FILTER(FG$6:FG$65,(_xlpm.r>_xlpm.top)*(_xlpm.r<_xlpm.bot)))*FG$72*INDEX(EX:EX,_xlpm.top)/EX$72,0),0)))} -> 0
A9: x | B9: =LEN(D9) -> 145 | C9: =ROW()-5 -> 4 | D9: 1.3 Parametrische Modellierung der Energie-, Massen- und Rechenzeitbudgets für Sensorik, Edge-KI, Antrieb und Sammelmechanik (Systemmodellierung) | F9: 2 | G9: 4 | I9: =IF(F9=0,"",EOMONTH(Project_Start,F9-1)) -> 46081 | J9: =IF(G9=0,"",EOMONTH(Project_Start,G9-1)) -> 46142 | L9: 6 | M9: {=_xlfn.LET( _xlpm.Z, _xlfn._xlws.FILTER($DY$6:$EE$65,$DX$6:$DX$65=C9), _xlpm.Q,_xlfn._xlws.FILTER($DP$6:$DV$65,$DO$6:$DO$65=C9), IF($A9="x",SUMPRODUCT(_xlpm.Z,$DY$73:$EE$73,EH9:EN9),SUMPRODUCT(_xlpm.Q,$DP$73:$DV$73)))} -> 0 | N9: {=_xlfn.LET( _xlpm.Z, SUM(IF($A9="x",_xlfn._xlws.FILTER($M$6:$M$65,$A$6:$A$65="x"),_xlfn._xlws.FILTER($M$6:$M$65,$A$6:$A$65<>"x"))), IF(_xlpm.Z<>0,M9/_xlpm.Z,""))} | P9: =L9 -> 6 | Q9: {=_xlfn.LET( _xlpm.Z, _xlfn._xlws.FILTER($FA$6:$FG$65,$EZ$6:$EZ$65=C9), _xlpm.Q,_xlfn._xlws.FILTER($ER$6:$EX$65,$EQ$6:$EQ$65=C9), IF($A9="x",SUMPRODUCT(_xlpm.Z,$FA$73:$FG$73,FJ9:FP9),SUMPRODUCT(_xlpm.Q,$ER$73:$EX$73)))} -> 0 | R9: {=_xlfn.LET( _xlpm.Z, SUM(IF($A9="x",_xlfn._xlws.FILTER($Q$6:$Q$65,$A$6:$A$65="x"),_xlfn._xlws.FILTER($Q$6:$Q$65,$A$6:$A$65<>"x"))), IF(_xlpm.Z<>0,Q9/_xlpm.Z,""))} | AF9: =_xlfn.LET( _xlpm.project_monat,AF$3, _xlpm.start_monat,$F9, _xlpm.ende_monat,$G9, IF(AND(_xlpm.project_monat>=_xlpm.start_monat,_xlpm.project_monat<=_xlpm.ende_monat),IF($A9="x",2,1),"")) | AG9: =_xlfn.LET( _xlpm.project_monat,AG$3, _xlpm.start_monat,$F9, _xlpm.ende_monat,$G9, IF(AND(_xlpm.project_monat>=_xlpm.start_monat,_xlpm.project_monat<=_xlpm.ende_monat),IF($A9="x",2,1),"")) -> 2 | AH9: =_xlfn.LET( _xlpm.project_monat,AH$3, _xlpm.start_monat,$F9, _xlpm.ende_monat,$G9, IF(AND(_xlpm.project_monat>=_xlpm.start_monat,_xlpm.project_monat<=_xlpm.ende_monat),IF($A9="x",2,1),"")) -> 2 | AI9: =_xlfn.LET( _xlpm.project_monat,AI$3, _xlpm.start_monat,$F9, _xlpm.ende_monat,$G9, IF(AND(_xlpm.project_monat>=_xlpm.start_monat,_xlpm.project_monat<=_xlpm.ende_monat),IF($A9="x",2,1),"")) -> 2 | AJ9: =_xlfn.LET( _xlpm.project_monat,AJ$3, _xlpm.start_monat,$F9, _xlpm.ende_monat,$G9, IF(AND(_xlpm.project_monat>=_xlpm.start_monat,_xlpm.project_monat<=_xlpm.ende_monat),IF($A9="x",2,1),"")) | AK9: =_xlfn.LET( _xlpm.project_monat,AK$3, _xlpm.start_monat,$F9, _xlpm.ende_monat,$G9, IF(AND(_xlpm.project_monat>=_xlpm.start_monat,_xlpm.project_monat<=_xlpm.ende_monat),IF($A9="x",2,1),"")) | AL9: =_xlfn.LET( _xlpm.project_monat,AL$3, _xlpm.start_monat,$F9, _xlpm.ende_monat,$G9, IF(AND(_xlpm.project_monat>=_xlpm.start_monat,_xlpm.project_monat<=_xlpm.ende_monat),IF($A9="x",2,1),"")) | AM9: =_xlfn.LET( _xlpm.project_monat,AM$3, _xlpm.start_monat,$F9, _xlpm.ende_monat,$G9, IF(AND(_xlpm.project_monat>=_xlpm.start_monat,_xlpm.project_monat<=_xlpm.ende_monat),IF($A9="x",2,1),"")) | ... DK9: =_xlfn.LET( _xlpm.project_monat,DK$3, _xlpm.start_monat,$F9, _xlpm.ende_monat,$G9, IF(AND(_xlpm.project_monat>=_xlpm.start_monat,_xlpm.project_monat<=_xlpm.ende_monat),IF($A9="x",2,1),"")) | DO9: =$C9 -> 4 | DP9: =IF($A9<>"x",$L9*SUMIFS($AF9:$DK9,$AF$4:$DK$4,Jahresscheiben!C$2),0) -> 0 | DQ9: =IF($A9<>"x",$L9*SUMIFS($AF9:$DK9,$AF$4:$DK$4,Jahresscheiben!D$2),0) -> 0 | DR9: =IF($A9<>"x",$L9*SUMIFS($AF9:$DK9,$AF$4:$DK$4,Jahresscheiben!E$2),0) -> 0 | DS9: =IF($A9<>"x",$L9*SUMIFS($AF9:$DK9,$AF$4:$DK$4,Jahresscheiben!F$2),0) -> 0 | DT9: =IF($A9<>"x",$L9*SUMIFS($AF9:$DK9,$AF$4:$DK$4,Jahresscheiben!G$2),0) -> 0 | DU9: =IF($A9<>"x",$L9*SUMIFS($AF9:$DK9,$AF$4:$DK$4,Jahresscheiben!H$2),0) -> 0 | DV9: =IF($A9<>"x",$L9*SUMIFS($AF9:$DK9,$AF$4:$DK$4,Jahresscheiben!I$2),0) -> 0 | DX9: =$C9 -> 4 | DY9: =IF($A9="x",$L9*SUMIFS($AF9:$DK9,$AF$4:$DK$4,Jahresscheiben!C$2)/2,0) -> 18 | DZ9: =IF($A9="x",$L9*SUMIFS($AF9:$DK9,$AF$4:$DK$4,Jahresscheiben!D$2)/2,0) -> 0 | EA9: =IF($A9="x",$L9*SUMIFS($AF9:$DK9,$AF$4:$DK$4,Jahresscheiben!E$2)/2,0) -> 0 | EB9: =IF($A9="x",$L9*SUMIFS($AF9:$DK9,$AF$4:$DK$4,Jahresscheiben!F$2)/2,0) -> 0 | EC9: =IF($A9="x",$L9*SUMIFS($AF9:$DK9,$AF$4:$DK$4,Jahresscheiben!G$2)/2,0) -> 0 | ED9: =IF($A9="x",$L9*SUMIFS($AF9:$DK9,$AF$4:$DK$4,Jahresscheiben!H$2)/2,0) -> 0 | EE9: =IF($A9="x",$L9*SUMIFS($AF9:$DK9,$AF$4:$DK$4,Jahresscheiben!I$2)/2,0) -> 0 | EG9: =$C9 -> 4 | EH9: {=_xlfn.LET(_xlpm.r,ROW($A$6:$A$65), _xlpm.i,ROW(), _xlpm.top,MAX(_xlfn._xlws.FILTER(_xlpm.r,($A$6:$A$65<>"x")*(_xlpm.r<=_xlpm.i))), _xlpm.tmp,MIN(_xlfn._xlws.FILTER(_xlpm.r,($A$6:$A$65<>"x")*(_xlpm.r>=_xlpm.i))), _xlpm.bot,IF(ISERROR(_xlpm.tmp),MAX(_xlpm.r),_xlpm.tmp), IF(_xlpm.bot=_xlpm.top,0,IF(DP$72,IF(SUM(_xlfn._xlws.FILTER(DY$6:DY$65,(_xlpm.r>_xlpm.top)*(_xlpm.r<_xlpm.bot))),1/SUM(_xlfn._xlws.FILTER(DY$6:DY$65,(_xlpm.r>_xlpm.top)*(_xlpm.r<_xlpm.bot)))*DY$72*INDEX(DP:DP,_xlpm.top)/DP$72,0),0)))} -> 0.86076298 | EI9: {=_xlfn.LET(_xlpm.r,ROW($A$6:$A$65), _xlpm.i,ROW(), _xlpm.top,MAX(_xlfn._xlws.FILTER(_xlpm.r,($A$6:$A$65<>"x")*(_xlpm.r<=_xlpm.i))), _xlpm.tmp,MIN(_xlfn._xlws.FILTER(_xlpm.r,($A$6:$A$65<>"x")*(_xlpm.r>=_xlpm.i))), _xlpm.bot,IF(ISERROR(_xlpm.tmp),MAX(_xlpm.r),_xlpm.tmp), IF(_xlpm.bot=_xlpm.top,0,IF(DQ$72,IF(SUM(_xlfn._xlws.FILTER(DZ$6:DZ$65,(_xlpm.r>_xlpm.top)*(_xlpm.r<_xlpm.bot))),1/SUM(_xlfn._xlws.FILTER(DZ$6:DZ$65,(_xlpm.r>_xlpm.top)*(_xlpm.r<_xlpm.bot)))*DZ$72*INDEX(DQ:DQ,_xlpm.top)/DQ$72,0),0)))} -> 0 | EJ9: {=_xlfn.LET(_xlpm.r,ROW($A$6:$A$65), _xlpm.i,ROW(), _xlpm.top,MAX(_xlfn._xlws.FILTER(_xlpm.r,($A$6:$A$65<>"x")*(_xlpm.r<=_xlpm.i))), _xlpm.tmp,MIN(_xlfn._xlws.FILTER(_xlpm.r,($A$6:$A$65<>"x")*(_xlpm.r>=_xlpm.i))), _xlpm.bot,IF(ISERROR(_xlpm.tmp),MAX(_xlpm.r),_xlpm.tmp), IF(_xlpm.bot=_xlpm.top,0,IF(DR$72,IF(SUM(_xlfn._xlws.FILTER(EA$6:EA$65,(_xlpm.r>_xlpm.top)*(_xlpm.r<_xlpm.bot))),1/SUM(_xlfn._xlws.FILTER(EA$6:EA$65,(_xlpm.r>_xlpm.top)*(_xlpm.r<_xlpm.bot)))*EA$72*INDEX(DR:DR,_xlpm.top)/DR$72,0),0)))} -> 0 | EK9: {=_xlfn.LET(_xlpm.r,ROW($A$6:$A$65), _xlpm.i,ROW(), _xlpm.top,MAX(_xlfn._xlws.FILTER(_xlpm.r,($A$6:$A$65<>"x")*(_xlpm.r<=_xlpm.i))), _xlpm.tmp,MIN(_xlfn._xlws.FILTER(_xlpm.r,($A$6:$A$65<>"x")*(_xlpm.r>=_xlpm.i))), _xlpm.bot,IF(ISERROR(_xlpm.tmp),MAX(_xlpm.r),_xlpm.tmp), IF(_xlpm.bot=_xlpm.top,0,IF(DS$72,IF(SUM(_xlfn._xlws.FILTER(EB$6:EB$65,(_xlpm.r>_xlpm.top)*(_xlpm.r<_xlpm.bot))),1/SUM(_xlfn._xlws.FILTER(EB$6:EB$65,(_xlpm.r>_xlpm.top)*(_xlpm.r<_xlpm.bot)))*EB$72*INDEX(DS:DS,_xlpm.top)/DS$72,0),0)))} -> 0 | EL9: {=_xlfn.LET(_xlpm.r,ROW($A$6:$A$65), _xlpm.i,ROW(), _xlpm.top,MAX(_xlfn._xlws.FILTER(_xlpm.r,($A$6:$A$65<>"x")*(_xlpm.r<=_xlpm.i))), _xlpm.tmp,MIN(_xlfn._xlws.FILTER(_xlpm.r,($A$6:$A$65<>"x")*(_xlpm.r>=_xlpm.i))), _xlpm.bot,IF(ISERROR(_xlpm.tmp),MAX(_xlpm.r),_xlpm.tmp), IF(_xlpm.bot=_xlpm.top,0,IF(DT$72,IF(SUM(_xlfn._xlws.FILTER(EC$6:EC$65,(_xlpm.r>_xlpm.top)*(_xlpm.r<_xlpm.bot))),1/SUM(_xlfn._xlws.FILTER(EC$6:EC$65,(_xlpm.r>_xlpm.top)*(_xlpm.r<_xlpm.bot)))*EC$72*INDEX(DT:DT,_xlpm.top)/DT$72,0),0)))} -> 0 | EM9: {=_xlfn.LET(_xlpm.r,ROW($A$6:$A$65), _xlpm.i,ROW(), _xlpm.top,MAX(_xlfn._xlws.FILTER(_xlpm.r,($A$6:$A$65<>"x")*(_xlpm.r<=_xlpm.i))), _xlpm.tmp,MIN(_xlfn._xlws.FILTER(_xlpm.r,($A$6:$A$65<>"x")*(_xlpm.r>=_xlpm.i))), _xlpm.bot,IF(ISERROR(_xlpm.tmp),MAX(_xlpm.r),_xlpm.tmp), IF(_xlpm.bot=_xlpm.top,0,IF(DU$72,IF(SUM(_xlfn._xlws.FILTER(ED$6:ED$65,(_xlpm.r>_xlpm.top)*(_xlpm.r<_xlpm.bot))),1/SUM(_xlfn._xlws.FILTER(ED$6:ED$65,(_xlpm.r>_xlpm.top)*(_xlpm.r<_xlpm.bot)))*ED$72*INDEX(DU:DU,_xlpm.top)/DU$72,0),0)))} -> 0 | EN9: {=_xlfn.LET(_xlpm.r,ROW($A$6:$A$65), _xlpm.i,ROW(), _xlpm.top,MAX(_xlfn._xlws.FILTER(_xlpm.r,($A$6:$A$65<>"x")*(_xlpm.r<=_xlpm.i))), _xlpm.tmp,MIN(_xlfn._xlws.FILTER(_xlpm.r,($A$6:$A$65<>"x")*(_xlpm.r>=_xlpm.i))), _xlpm.bot,IF(ISERROR(_xlpm.tmp),MAX(_xlpm.r),_xlpm.tmp), IF(_xlpm.bot=_xlpm.top,0,IF(DV$72,IF(SUM(_xlfn._xlws.FILTER(EE$6:EE$65,(_xlpm.r>_xlpm.top)*(_xlpm.r<_xlpm.bot))),1/SUM(_xlfn._xlws.FILTER(EE$6:EE$65,(_xlpm.r>_xlpm.top)*(_xlpm.r<_xlpm.bot)))*EE$72*INDEX(DV:DV,_xlpm.top)/DV$72,0),0)))} -> 0 | EQ9: =$C9 -> 4 | ER9: =IF($A9<>"x",$P9*SUMIFS($AF9:$DK9,$AF$4:$DK$4,Jahresscheiben!C$2),0) -> 0 | ES9: =IF($A9<>"x",$P9*SUMIFS($AF9:$DK9,$AF$4:$DK$4,Jahresscheiben!D$2),0) -> 0 | ET9: =IF($A9<>"x",$P9*SUMIFS($AF9:$DK9,$AF$4:$DK$4,Jahresscheiben!E$2),0) -> 0 | EU9: =IF($A9<>"x",$P9*SUMIFS($AF9:$DK9,$AF$4:$DK$4,Jahresscheiben!F$2),0) -> 0 | EV9: =IF($A9<>"x",$P9*SUMIFS($AF9:$DK9,$AF$4:$DK$4,Jahresscheiben!G$2),0) -> 0 | EW9: =IF($A9<>"x",$P9*SUMIFS($AF9:$DK9,$AF$4:$DK$4,Jahresscheiben!H$2),0) -> 0 | EX9: =IF($A9<>"x",$P9*SUMIFS($AF9:$DK9,$AF$4:$DK$4,Jahresscheiben!I$2),0) -> 0 | EZ9: =$C9 -> 4 | FA9: =IF($A9="x",$P9*SUMIFS($AF9:$DK9,$AF$4:$DK$4,Jahresscheiben!C$2)/2,0) -> 18 | FB9: =IF($A9="x",$P9*SUMIFS($AF9:$DK9,$AF$4:$DK$4,Jahresscheiben!D$2)/2,0) -> 0 | FC9: =IF($A9="x",$P9*SUMIFS($AF9:$DK9,$AF$4:$DK$4,Jahresscheiben!E$2)/2,0) -> 0 | FD9: =IF($A9="x",$P9*SUMIFS($AF9:$DK9,$AF$4:$DK$4,Jahresscheiben!F$2)/2,0) -> 0 | FE9: =IF($A9="x",$P9*SUMIFS($AF9:$DK9,$AF$4:$DK$4,Jahresscheiben!G$2)/2,0) -> 0 | FF9: =IF($A9="x",$P9*SUMIFS($AF9:$DK9,$AF$4:$DK$4,Jahresscheiben!H$2)/2,0) -> 0 | FG9: =IF($A9="x",$P9*SUMIFS($AF9:$DK9,$AF$4:$DK$4,Jahresscheiben!I$2)/2,0) -> 0 | FI9: =$C9 -> 4 | FJ9: {=_xlfn.LET(_xlpm.r,ROW($A$6:$A$65), _xlpm.i,ROW(), _xlpm.top,MAX(_xlfn._xlws.FILTER(_xlpm.r,($A$6:$A$65<>"x")*(_xlpm.r<=_xlpm.i))), _xlpm.tmp,MIN(_xlfn._xlws.FILTER(_xlpm.r,($A$6:$A$65<>"x")*(_xlpm.r>=_xlpm.i))), _xlpm.bot,IF(ISERROR(_xlpm.tmp),MAX(_xlpm.r),_xlpm.tmp), IF(_xlpm.bot=_xlpm.top,0,IF(ER$72,IF(SUM(_xlfn._xlws.FILTER(FA$6:FA$65,(_xlpm.r>_xlpm.top)*(_xlpm.r<_xlpm.bot))),1/SUM(_xlfn._xlws.FILTER(FA$6:FA$65,(_xlpm.r>_xlpm.top)*(_xlpm.r<_xlpm.bot)))*FA$72*INDEX(ER:ER,_xlpm.top)/ER$72,0),0)))} -> 0.86076298 | FK9: {=_xlfn.LET(_xlpm.r,ROW($A$6:$A$65), _xlpm.i,ROW(), _xlpm.top,MAX(_xlfn._xlws.FILTER(_xlpm.r,($A$6:$A$65<>"x")*(_xlpm.r<=_xlpm.i))), _xlpm.tmp,MIN(_xlfn._xlws.FILTER(_xlpm.r,($A$6:$A$65<>"x")*(_xlpm.r>=_xlpm.i))), _xlpm.bot,IF(ISERROR(_xlpm.tmp),MAX(_xlpm.r),_xlpm.tmp), IF(_xlpm.bot=_xlpm.top,0,IF(ES$72,IF(SUM(_xlfn._xlws.FILTER(FB$6:FB$65,(_xlpm.r>_xlpm.top)*(_xlpm.r<_xlpm.bot))),1/SUM(_xlfn._xlws.FILTER(FB$6:FB$65,(_xlpm.r>_xlpm.top)*(_xlpm.r<_xlpm.bot)))*FB$72*INDEX(ES:ES,_xlpm.top)/ES$72,0),0)))} -> 0 | FL9: {=_xlfn.LET(_xlpm.r,ROW($A$6:$A$65), _xlpm.i,ROW(), _xlpm.top,MAX(_xlfn._xlws.FILTER(_xlpm.r,($A$6:$A$65<>"x")*(_xlpm.r<=_xlpm.i))), _xlpm.tmp,MIN(_xlfn._xlws.FILTER(_xlpm.r,($A$6:$A$65<>"x")*(_xlpm.r>=_xlpm.i))), _xlpm.bot,IF(ISERROR(_xlpm.tmp),MAX(_xlpm.r),_xlpm.tmp), IF(_xlpm.bot=_xlpm.top,0,IF(ET$72,IF(SUM(_xlfn._xlws.FILTER(FC$6:FC$65,(_xlpm.r>_xlpm.top)*(_xlpm.r<_xlpm.bot))),1/SUM(_xlfn._xlws.FILTER(FC$6:FC$65,(_xlpm.r>_xlpm.top)*(_xlpm.r<_xlpm.bot)))*FC$72*INDEX(ET:ET,_xlpm.top)/ET$72,0),0)))} -> 0 | FM9: {=_xlfn.LET(_xlpm.r,ROW($A$6:$A$65), _xlpm.i,ROW(), _xlpm.top,MAX(_xlfn._xlws.FILTER(_xlpm.r,($A$6:$A$65<>"x")*(_xlpm.r<=_xlpm.i))), _xlpm.tmp,MIN(_xlfn._xlws.FILTER(_xlpm.r,($A$6:$A$65<>"x")*(_xlpm.r>=_xlpm.i))), _xlpm.bot,IF(ISERROR(_xlpm.tmp),MAX(_xlpm.r),_xlpm.tmp), IF(_xlpm.bot=_xlpm.top,0,IF(EU$72,IF(SUM(_xlfn._xlws.FILTER(FD$6:FD$65,(_xlpm.r>_xlpm.top)*(_xlpm.r<_xlpm.bot))),1/SUM(_xlfn._xlws.FILTER(FD$6:FD$65,(_xlpm.r>_xlpm.top)*(_xlpm.r<_xlpm.bot)))*FD$72*INDEX(EU:EU,_xlpm.top)/EU$72,0),0)))} -> 0 | FN9: {=_xlfn.LET(_xlpm.r,ROW($A$6:$A$65), _xlpm.i,ROW(), _xlpm.top,MAX(_xlfn._xlws.FILTER(_xlpm.r,($A$6:$A$65<>"x")*(_xlpm.r<=_xlpm.i))), _xlpm.tmp,MIN(_xlfn._xlws.FILTER(_xlpm.r,($A$6:$A$65<>"x")*(_xlpm.r>=_xlpm.i))), _xlpm.bot,IF(ISERROR(_xlpm.tmp),MAX(_xlpm.r),_xlpm.tmp), IF(_xlpm.bot=_xlpm.top,0,IF(EV$72,IF(SUM(_xlfn._xlws.FILTER(FE$6:FE$65,(_xlpm.r>_xlpm.top)*(_xlpm.r<_xlpm.bot))),1/SUM(_xlfn._xlws.FILTER(FE$6:FE$65,(_xlpm.r>_xlpm.top)*(_xlpm.r<_xlpm.bot)))*FE$72*INDEX(EV:EV,_xlpm.top)/EV$72,0),0)))} -> 0 | FO9: {=_xlfn.LET(_xlpm.r,ROW($A$6:$A$65), _xlpm.i,ROW(), _xlpm.top,MAX(_xlfn._xlws.FILTER(_xlpm.r,($A$6:$A$65<>"x")*(_xlpm.r<=_xlpm.i))), _xlpm.tmp,MIN(_xlfn._xlws.FILTER(_xlpm.r,($A$6:$A$65<>"x")*(_xlpm.r>=_xlpm.i))), _xlpm.bot,IF(ISERROR(_xlpm.tmp),MAX(_xlpm.r),_xlpm.tmp), IF(_xlpm.bot=_xlpm.top,0,IF(EW$72,IF(SUM(_xlfn._xlws.FILTER(FF$6:FF$65,(_xlpm.r>_xlpm.top)*(_xlpm.r<_xlpm.bot))),1/SUM(_xlfn._xlws.FILTER(FF$6:FF$65,(_xlpm.r>_xlpm.top)*(_xlpm.r<_xlpm.bot)))*FF$72*INDEX(EW:EW,_xlpm.top)/EW$72,0),0)))} -> 0 | FP9: {=_xlfn.LET(_xlpm.r,ROW($A$6:$A$65), _xlpm.i,ROW(), _xlpm.top,MAX(_xlfn._xlws.FILTER(_xlpm.r,($A$6:$A$65<>"x")*(_xlpm.r<=_xlpm.i))), _xlpm.tmp,MIN(_xlfn._xlws.FILTER(_xlpm.r,($A$6:$A$65<>"x")*(_xlpm.r>=_xlpm.i))), _xlpm.bot,IF(ISERROR(_xlpm.tmp),MAX(_xlpm.r),_xlpm.tmp), IF(_xlpm.bot=_xlpm.top,0,IF(EX$72,IF(SUM(_xlfn._xlws.FILTER(FG$6:FG$65,(_xlpm.r>_xlpm.top)*(_xlpm.r<_xlpm.bot))),1/SUM(_xlfn._xlws.FILTER(FG$6:FG$65,(_xlpm.r>_xlpm.top)*(_xlpm.r<_xlpm.bot)))*FG$72*INDEX(EX:EX,_xlpm.top)/EX$72,0),0)))} -> 0
A10: x | B10: =LEN(D10) -> 134 | C10: =ROW()-5 -> 5 | D10: 1.4 Festlegung der Prüfstände, Hallenszenarien, Messgrößen und Freigabekriterien als reproduzierbarer Versuchsrahmen (Versuchsplanung) | F10: 3 | G10: 5 | I10: =IF(F10=0,"",EOMONTH(Project_Start,F10-1)) -> 46112 | J10: =IF(G10=0,"",EOMONTH(Project_Start,G10-1)) -> 46173 | L10: 5 | M10: {=_xlfn.LET( _xlpm.Z, _xlfn._xlws.FILTER($DY$6:$EE$65,$DX$6:$DX$65=C10), _xlpm.Q,_xlfn._xlws.FILTER($DP$6:$DV$65,$DO$6:$DO$65=C10), IF($A10="x",SUMPRODUCT(_xlpm.Z,$DY$73:$EE$73,EH10:EN10),SUMPRODUCT(_xlpm.Q,$DP$73:$DV$73)))} -> 0 | N10: {=_xlfn.LET( _xlpm.Z, SUM(IF($A10="x",_xlfn._xlws.FILTER($M$6:$M$65,$A$6:$A$65="x"),_xlfn._xlws.FILTER($M$6:$M$65,$A$6:$A$65<>"x"))), IF(_xlpm.Z<>0,M10/_xlpm.Z,""))} | P10: =L10 -> 5 | Q10: {=_xlfn.LET( _xlpm.Z, _xlfn._xlws.FILTER($FA$6:$FG$65,$EZ$6:$EZ$65=C10), _xlpm.Q,_xlfn._xlws.FILTER($ER$6:$EX$65,$EQ$6:$EQ$65=C10), IF($A10="x",SUMPRODUCT(_xlpm.Z,$FA$73:$FG$73,FJ10:FP10),SUMPRODUCT(_xlpm.Q,$ER$73:$EX$73)))} -> 0 | R10: {=_xlfn.LET( _xlpm.Z, SUM(IF($A10="x",_xlfn._xlws.FILTER($Q$6:$Q$65,$A$6:$A$65="x"),_xlfn._xlws.FILTER($Q$6:$Q$65,$A$6:$A$65<>"x"))), IF(_xlpm.Z<>0,Q10/_xlpm.Z,""))} | AF10: =_xlfn.LET( _xlpm.project_monat,AF$3, _xlpm.start_monat,$F10, _xlpm.ende_monat,$G10, IF(AND(_xlpm.project_monat>=_xlpm.start_monat,_xlpm.project_monat<=_xlpm.ende_monat),IF($A10="x",2,1),"")) | AG10: =_xlfn.LET( _xlpm.project_monat,AG$3, _xlpm.start_monat,$F10, _xlpm.ende_monat,$G10, IF(AND(_xlpm.project_monat>=_xlpm.start_monat,_xlpm.project_monat<=_xlpm.ende_monat),IF($A10="x",2,1),"")) | AH10: =_xlfn.LET( _xlpm.project_monat,AH$3, _xlpm.start_monat,$F10, _xlpm.ende_monat,$G10, IF(AND(_xlpm.project_monat>=_xlpm.start_monat,_xlpm.project_monat<=_xlpm.ende_monat),IF($A10="x",2,1),"")) -> 2 | AI10: =_xlfn.LET( _xlpm.project_monat,AI$3, _xlpm.start_monat,$F10, _xlpm.ende_monat,$G10, IF(AND(_xlpm.project_monat>=_xlpm.start_monat,_xlpm.project_monat<=_xlpm.ende_monat),IF($A10="x",2,1),"")) -> 2 | AJ10: =_xlfn.LET( _xlpm.project_monat,AJ$3, _xlpm.start_monat,$F10, _xlpm.ende_monat,$G10, IF(AND(_xlpm.project_monat>=_xlpm.start_monat,_xlpm.project_monat<=_xlpm.ende_monat),IF($A10="x",2,1),"")) -> 2 | AK10: =_xlfn.LET( _xlpm.project_monat,AK$3, _xlpm.start_monat,$F10, _xlpm.ende_monat,$G10, IF(AND(_xlpm.project_monat>=_xlpm.start_monat,_xlpm.project_monat<=_xlpm.ende_monat),IF($A10="x",2,1),"")) | AL10: =_xlfn.LET( _xlpm.project_monat,AL$3, _xlpm.start_monat,$F10, _xlpm.ende_monat,$G10, IF(AND(_xlpm.project_monat>=_xlpm.start_monat,_xlpm.project_monat<=_xlpm.ende_monat),IF($A10="x",2,1),"")) | AM10: =_xlfn.LET( _xlpm.project_monat,AM$3, _xlpm.start_monat,$F10, _xlpm.ende_monat,$G10, IF(AND(_xlpm.project_monat>=_xlpm.start_monat,_xlpm.project_monat<=_xlpm.ende_monat),IF($A10="x",2,1),"")) | ... DK10: =_xlfn.LET( _xlpm.project_monat,DK$3, _xlpm.start_monat,$F10, _xlpm.ende_monat,$G10, IF(AND(_xlpm.project_monat>=_xlpm.start_monat,_xlpm.project_monat<=_xlpm.ende_monat),IF($A10="x",2,1),"")) | DO10: =$C10 -> 5 | DP10: =IF($A10<>"x",$L10*SUMIFS($AF10:$DK10,$AF$4:$DK$4,Jahresscheiben!C$2),0) -> 0 | DQ10: =IF($A10<>"x",$L10*SUMIFS($AF10:$DK10,$AF$4:$DK$4,Jahresscheiben!D$2),0) -> 0 | DR10: =IF($A10<>"x",$L10*SUMIFS($AF10:$DK10,$AF$4:$DK$4,Jahresscheiben!E$2),0) -> 0 | DS10: =IF($A10<>"x",$L10*SUMIFS($AF10:$DK10,$AF$4:$DK$4,Jahresscheiben!F$2),0) -> 0 | DT10: =IF($A10<>"x",$L10*SUMIFS($AF10:$DK10,$AF$4:$DK$4,Jahresscheiben!G$2),0) -> 0 | DU10: =IF($A10<>"x",$L10*SUMIFS($AF10:$DK10,$AF$4:$DK$4,Jahresscheiben!H$2),0) -> 0 | DV10: =IF($A10<>"x",$L10*SUMIFS($AF10:$DK10,$AF$4:$DK$4,Jahresscheiben!I$2),0) -> 0 | DX10: =$C10 -> 5 | DY10: =IF($A10="x",$L10*SUMIFS($AF10:$DK10,$AF$4:$DK$4,Jahresscheiben!C$2)/2,0) -> 15 | DZ10: =IF($A10="x",$L10*SUMIFS($AF10:$DK10,$AF$4:$DK$4,Jahresscheiben!D$2)/2,0) -> 0 | EA10: =IF($A10="x",$L10*SUMIFS($AF10:$DK10,$AF$4:$DK$4,Jahresscheiben!E$2)/2,0) -> 0 | EB10: =IF($A10="x",$L10*SUMIFS($AF10:$DK10,$AF$4:$DK$4,Jahresscheiben!F$2)/2,0) -> 0 | EC10: =IF($A10="x",$L10*SUMIFS($AF10:$DK10,$AF$4:$DK$4,Jahresscheiben!G$2)/2,0) -> 0 | ED10: =IF($A10="x",$L10*SUMIFS($AF10:$DK10,$AF$4:$DK$4,Jahresscheiben!H$2)/2,0) -> 0 | EE10: =IF($A10="x",$L10*SUMIFS($AF10:$DK10,$AF$4:$DK$4,Jahresscheiben!I$2)/2,0) -> 0 | EG10: =$C10 -> 5 | EH10: {=_xlfn.LET(_xlpm.r,ROW($A$6:$A$65), _xlpm.i,ROW(), _xlpm.top,MAX(_xlfn._xlws.FILTER(_xlpm.r,($A$6:$A$65<>"x")*(_xlpm.r<=_xlpm.i))), _xlpm.tmp,MIN(_xlfn._xlws.FILTER(_xlpm.r,($A$6:$A$65<>"x")*(_xlpm.r>=_xlpm.i))), _xlpm.bot,IF(ISERROR(_xlpm.tmp),MAX(_xlpm.r),_xlpm.tmp), IF(_xlpm.bot=_xlpm.top,0,IF(DP$72,IF(SUM(_xlfn._xlws.FILTER(DY$6:DY$65,(_xlpm.r>_xlpm.top)*(_xlpm.r<_xlpm.bot))),1/SUM(_xlfn._xlws.FILTER(DY$6:DY$65,(_xlpm.r>_xlpm.top)*(_xlpm.r<_xlpm.bot)))*DY$72*INDEX(DP:DP,_xlpm.top)/DP$72,0),0)))} -> 0.86076298 | EI10: {=_xlfn.LET(_xlpm.r,ROW($A$6:$A$65), _xlpm.i,ROW(), _xlpm.top,MAX(_xlfn._xlws.FILTER(_xlpm.r,($A$6:$A$65<>"x")*(_xlpm.r<=_xlpm.i))), _xlpm.tmp,MIN(_xlfn._xlws.FILTER(_xlpm.r,($A$6:$A$65<>"x")*(_xlpm.r>=_xlpm.i))), _xlpm.bot,IF(ISERROR(_xlpm.tmp),MAX(_xlpm.r),_xlpm.tmp), IF(_xlpm.bot=_xlpm.top,0,IF(DQ$72,IF(SUM(_xlfn._xlws.FILTER(DZ$6:DZ$65,(_xlpm.r>_xlpm.top)*(_xlpm.r<_xlpm.bot))),1/SUM(_xlfn._xlws.FILTER(DZ$6:DZ$65,(_xlpm.r>_xlpm.top)*(_xlpm.r<_xlpm.bot)))*DZ$72*INDEX(DQ:DQ,_xlpm.top)/DQ$72,0),0)))} -> 0 | EJ10: {=_xlfn.LET(_xlpm.r,ROW($A$6:$A$65), _xlpm.i,ROW(), _xlpm.top,MAX(_xlfn._xlws.FILTER(_xlpm.r,($A$6:$A$65<>"x")*(_xlpm.r<=_xlpm.i))), _xlpm.tmp,MIN(_xlfn._xlws.FILTER(_xlpm.r,($A$6:$A$65<>"x")*(_xlpm.r>=_xlpm.i))), _xlpm.bot,IF(ISERROR(_xlpm.tmp),MAX(_xlpm.r),_xlpm.tmp), IF(_xlpm.bot=_xlpm.top,0,IF(DR$72,IF(SUM(_xlfn._xlws.FILTER(EA$6:EA$65,(_xlpm.r>_xlpm.top)*(_xlpm.r<_xlpm.bot))),1/SUM(_xlfn._xlws.FILTER(EA$6:EA$65,(_xlpm.r>_xlpm.top)*(_xlpm.r<_xlpm.bot)))*EA$72*INDEX(DR:DR,_xlpm.top)/DR$72,0),0)))} -> 0 | EK10: {=_xlfn.LET(_xlpm.r,ROW($A$6:$A$65), _xlpm.i,ROW(), _xlpm.top,MAX(_xlfn._xlws.FILTER(_xlpm.r,($A$6:$A$65<>"x")*(_xlpm.r<=_xlpm.i))), _xlpm.tmp,MIN(_xlfn._xlws.FILTER(_xlpm.r,($A$6:$A$65<>"x")*(_xlpm.r>=_xlpm.i))), _xlpm.bot,IF(ISERROR(_xlpm.tmp),MAX(_xlpm.r),_xlpm.tmp), IF(_xlpm.bot=_xlpm.top,0,IF(DS$72,IF(SUM(_xlfn._xlws.FILTER(EB$6:EB$65,(_xlpm.r>_xlpm.top)*(_xlpm.r<_xlpm.bot))),1/SUM(_xlfn._xlws.FILTER(EB$6:EB$65,(_xlpm.r>_xlpm.top)*(_xlpm.r<_xlpm.bot)))*EB$72*INDEX(DS:DS,_xlpm.top)/DS$72,0),0)))} -> 0 | EL10: {=_xlfn.LET(_xlpm.r,ROW($A$6:$A$65), _xlpm.i,ROW(), _xlpm.top,MAX(_xlfn._xlws.FILTER(_xlpm.r,($A$6:$A$65<>"x")*(_xlpm.r<=_xlpm.i))), _xlpm.tmp,MIN(_xlfn._xlws.FILTER(_xlpm.r,($A$6:$A$65<>"x")*(_xlpm.r>=_xlpm.i))), _xlpm.bot,IF(ISERROR(_xlpm.tmp),MAX(_xlpm.r),_xlpm.tmp), IF(_xlpm.bot=_xlpm.top,0,IF(DT$72,IF(SUM(_xlfn._xlws.FILTER(EC$6:EC$65,(_xlpm.r>_xlpm.top)*(_xlpm.r<_xlpm.bot))),1/SUM(_xlfn._xlws.FILTER(EC$6:EC$65,(_xlpm.r>_xlpm.top)*(_xlpm.r<_xlpm.bot)))*EC$72*INDEX(DT:DT,_xlpm.top)/DT$72,0),0)))} -> 0 | EM10: {=_xlfn.LET(_xlpm.r,ROW($A$6:$A$65), _xlpm.i,ROW(), _xlpm.top,MAX(_xlfn._xlws.FILTER(_xlpm.r,($A$6:$A$65<>"x")*(_xlpm.r<=_xlpm.i))), _xlpm.tmp,MIN(_xlfn._xlws.FILTER(_xlpm.r,($A$6:$A$65<>"x")*(_xlpm.r>=_xlpm.i))), _xlpm.bot,IF(ISERROR(_xlpm.tmp),MAX(_xlpm.r),_xlpm.tmp), IF(_xlpm.bot=_xlpm.top,0,IF(DU$72,IF(SUM(_xlfn._xlws.FILTER(ED$6:ED$65,(_xlpm.r>_xlpm.top)*(_xlpm.r<_xlpm.bot))),1/SUM(_xlfn._xlws.FILTER(ED$6:ED$65,(_xlpm.r>_xlpm.top)*(_xlpm.r<_xlpm.bot)))*ED$72*INDEX(DU:DU,_xlpm.top)/DU$72,0),0)))} -> 0 | EN10: {=_xlfn.LET(_xlpm.r,ROW($A$6:$A$65), _xlpm.i,ROW(), _xlpm.top,MAX(_xlfn._xlws.FILTER(_xlpm.r,($A$6:$A$65<>"x")*(_xlpm.r<=_xlpm.i))), _xlpm.tmp,MIN(_xlfn._xlws.FILTER(_xlpm.r,($A$6:$A$65<>"x")*(_xlpm.r>=_xlpm.i))), _xlpm.bot,IF(ISERROR(_xlpm.tmp),MAX(_xlpm.r),_xlpm.tmp), IF(_xlpm.bot=_xlpm.top,0,IF(DV$72,IF(SUM(_xlfn._xlws.FILTER(EE$6:EE$65,(_xlpm.r>_xlpm.top)*(_xlpm.r<_xlpm.bot))),1/SUM(_xlfn._xlws.FILTER(EE$6:EE$65,(_xlpm.r>_xlpm.top)*(_xlpm.r<_xlpm.bot)))*EE$72*INDEX(DV:DV,_xlpm.top)/DV$72,0),0)))} -> 0 | EQ10: =$C10 -> 5 | ER10: =IF($A10<>"x",$P10*SUMIFS($AF10:$DK10,$AF$4:$DK$4,Jahresscheiben!C$2),0) -> 0 | ES10: =IF($A10<>"x",$P10*SUMIFS($AF10:$DK10,$AF$4:$DK$4,Jahresscheiben!D$2),0) -> 0 | ET10: =IF($A10<>"x",$P10*SUMIFS($AF10:$DK10,$AF$4:$DK$4,Jahresscheiben!E$2),0) -> 0 | EU10: =IF($A10<>"x",$P10*SUMIFS($AF10:$DK10,$AF$4:$DK$4,Jahresscheiben!F$2),0) -> 0 | EV10: =IF($A10<>"x",$P10*SUMIFS($AF10:$DK10,$AF$4:$DK$4,Jahresscheiben!G$2),0) -> 0 | EW10: =IF($A10<>"x",$P10*SUMIFS($AF10:$DK10,$AF$4:$DK$4,Jahresscheiben!H$2),0) -> 0 | EX10: =IF($A10<>"x",$P10*SUMIFS($AF10:$DK10,$AF$4:$DK$4,Jahresscheiben!I$2),0) -> 0 | EZ10: =$C10 -> 5 | FA10: =IF($A10="x",$P10*SUMIFS($AF10:$DK10,$AF$4:$DK$4,Jahresscheiben!C$2)/2,0) -> 15 | FB10: =IF($A10="x",$P10*SUMIFS($AF10:$DK10,$AF$4:$DK$4,Jahresscheiben!D$2)/2,0) -> 0 | FC10: =IF($A10="x",$P10*SUMIFS($AF10:$DK10,$AF$4:$DK$4,Jahresscheiben!E$2)/2,0) -> 0 | FD10: =IF($A10="x",$P10*SUMIFS($AF10:$DK10,$AF$4:$DK$4,Jahresscheiben!F$2)/2,0) -> 0 | FE10: =IF($A10="x",$P10*SUMIFS($AF10:$DK10,$AF$4:$DK$4,Jahresscheiben!G$2)/2,0) -> 0 | FF10: =IF($A10="x",$P10*SUMIFS($AF10:$DK10,$AF$4:$DK$4,Jahresscheiben!H$2)/2,0) -> 0 | FG10: =IF($A10="x",$P10*SUMIFS($AF10:$DK10,$AF$4:$DK$4,Jahresscheiben!I$2)/2,0) -> 0 | FI10: =$C10 -> 5 | FJ10: {=_xlfn.LET(_xlpm.r,ROW($A$6:$A$65), _xlpm.i,ROW(), _xlpm.top,MAX(_xlfn._xlws.FILTER(_xlpm.r,($A$6:$A$65<>"x")*(_xlpm.r<=_xlpm.i))), _xlpm.tmp,MIN(_xlfn._xlws.FILTER(_xlpm.r,($A$6:$A$65<>"x")*(_xlpm.r>=_xlpm.i))), _xlpm.bot,IF(ISERROR(_xlpm.tmp),MAX(_xlpm.r),_xlpm.tmp), IF(_xlpm.bot=_xlpm.top,0,IF(ER$72,IF(SUM(_xlfn._xlws.FILTER(FA$6:FA$65,(_xlpm.r>_xlpm.top)*(_xlpm.r<_xlpm.bot))),1/SUM(_xlfn._xlws.FILTER(FA$6:FA$65,(_xlpm.r>_xlpm.top)*(_xlpm.r<_xlpm.bot)))*FA$72*INDEX(ER:ER,_xlpm.top)/ER$72,0),0)))} -> 0.86076298 | FK10: {=_xlfn.LET(_xlpm.r,ROW($A$6:$A$65), _xlpm.i,ROW(), _xlpm.top,MAX(_xlfn._xlws.FILTER(_xlpm.r,($A$6:$A$65<>"x")*(_xlpm.r<=_xlpm.i))), _xlpm.tmp,MIN(_xlfn._xlws.FILTER(_xlpm.r,($A$6:$A$65<>"x")*(_xlpm.r>=_xlpm.i))), _xlpm.bot,IF(ISERROR(_xlpm.tmp),MAX(_xlpm.r),_xlpm.tmp), IF(_xlpm.bot=_xlpm.top,0,IF(ES$72,IF(SUM(_xlfn._xlws.FILTER(FB$6:FB$65,(_xlpm.r>_xlpm.top)*(_xlpm.r<_xlpm.bot))),1/SUM(_xlfn._xlws.FILTER(FB$6:FB$65,(_xlpm.r>_xlpm.top)*(_xlpm.r<_xlpm.bot)))*FB$72*INDEX(ES:ES,_xlpm.top)/ES$72,0),0)))} -> 0 | FL10: {=_xlfn.LET(_xlpm.r,ROW($A$6:$A$65), _xlpm.i,ROW(), _xlpm.top,MAX(_xlfn._xlws.FILTER(_xlpm.r,($A$6:$A$65<>"x")*(_xlpm.r<=_xlpm.i))), _xlpm.tmp,MIN(_xlfn._xlws.FILTER(_xlpm.r,($A$6:$A$65<>"x")*(_xlpm.r>=_xlpm.i))), _xlpm.bot,IF(ISERROR(_xlpm.tmp),MAX(_xlpm.r),_xlpm.tmp), IF(_xlpm.bot=_xlpm.top,0,IF(ET$72,IF(SUM(_xlfn._xlws.FILTER(FC$6:FC$65,(_xlpm.r>_xlpm.top)*(_xlpm.r<_xlpm.bot))),1/SUM(_xlfn._xlws.FILTER(FC$6:FC$65,(_xlpm.r>_xlpm.top)*(_xlpm.r<_xlpm.bot)))*FC$72*INDEX(ET:ET,_xlpm.top)/ET$72,0),0)))} -> 0 | FM10: {=_xlfn.LET(_xlpm.r,ROW($A$6:$A$65), _xlpm.i,ROW(), _xlpm.top,MAX(_xlfn._xlws.FILTER(_xlpm.r,($A$6:$A$65<>"x")*(_xlpm.r<=_xlpm.i))), _xlpm.tmp,MIN(_xlfn._xlws.FILTER(_xlpm.r,($A$6:$A$65<>"x")*(_xlpm.r>=_xlpm.i))), _xlpm.bot,IF(ISERROR(_xlpm.tmp),MAX(_xlpm.r),_xlpm.tmp), IF(_xlpm.bot=_xlpm.top,0,IF(EU$72,IF(SUM(_xlfn._xlws.FILTER(FD$6:FD$65,(_xlpm.r>_xlpm.top)*(_xlpm.r<_xlpm.bot))),1/SUM(_xlfn._xlws.FILTER(FD$6:FD$65,(_xlpm.r>_xlpm.top)*(_xlpm.r<_xlpm.bot)))*FD$72*INDEX(EU:EU,_xlpm.top)/EU$72,0),0)))} -> 0 | FN10: {=_xlfn.LET(_xlpm.r,ROW($A$6:$A$65), _xlpm.i,ROW(), _xlpm.top,MAX(_xlfn._xlws.FILTER(_xlpm.r,($A$6:$A$65<>"x")*(_xlpm.r<=_xlpm.i))), _xlpm.tmp,MIN(_xlfn._xlws.FILTER(_xlpm.r,($A$6:$A$65<>"x")*(_xlpm.r>=_xlpm.i))), _xlpm.bot,IF(ISERROR(_xlpm.tmp),MAX(_xlpm.r),_xlpm.tmp), IF(_xlpm.bot=_xlpm.top,0,IF(EV$72,IF(SUM(_xlfn._xlws.FILTER(FE$6:FE$65,(_xlpm.r>_xlpm.top)*(_xlpm.r<_xlpm.bot))),1/SUM(_xlfn._xlws.FILTER(FE$6:FE$65,(_xlpm.r>_xlpm.top)*(_xlpm.r<_xlpm.bot)))*FE$72*INDEX(EV:EV,_xlpm.top)/EV$72,0),0)))} -> 0 | FO10: {=_xlfn.LET(_xlpm.r,ROW($A$6:$A$65), _xlpm.i,ROW(), _xlpm.top,MAX(_xlfn._xlws.FILTER(_xlpm.r,($A$6:$A$65<>"x")*(_xlpm.r<=_xlpm.i))), _xlpm.tmp,MIN(_xlfn._xlws.FILTER(_xlpm.r,($A$6:$A$65<>"x")*(_xlpm.r>=_xlpm.i))), _xlpm.bot,IF(ISERROR(_xlpm.tmp),MAX(_xlpm.r),_xlpm.tmp), IF(_xlpm.bot=_xlpm.top,0,IF(EW$72,IF(SUM(_xlfn._xlws.FILTER(FF$6:FF$65,(_xlpm.r>_xlpm.top)*(_xlpm.r<_xlpm.bot))),1/SUM(_xlfn._xlws.FILTER(FF$6:FF$65,(_xlpm.r>_xlpm.top)*(_xlpm.r<_xlpm.bot)))*FF$72*INDEX(EW:EW,_xlpm.top)/EW$72,0),0)))} -> 0 | FP10: {=_xlfn.LET(_xlpm.r,ROW($A$6:$A$65), _xlpm.i,ROW(), _xlpm.top,MAX(_xlfn._xlws.FILTER(_xlpm.r,($A$6:$A$65<>"x")*(_xlpm.r<=_xlpm.i))), _xlpm.tmp,MIN(_xlfn._xlws.FILTER(_xlpm.r,($A$6:$A$65<>"x")*(_xlpm.r>=_xlpm.i))), _xlpm.bot,IF(ISERROR(_xlpm.tmp),MAX(_xlpm.r),_xlpm.tmp), IF(_xlpm.bot=_xlpm.top,0,IF(EX$72,IF(SUM(_xlfn._xlws.FILTER(FG$6:FG$65,(_xlpm.r>_xlpm.top)*(_xlpm.r<_xlpm.bot))),1/SUM(_xlfn._xlws.FILTER(FG$6:FG$65,(_xlpm.r>_xlpm.top)*(_xlpm.r<_xlpm.bot)))*FG$72*INDEX(EX:EX,_xlpm.top)/EX$72,0),0)))} -> 0
B11: =LEN(D11) -> 136 | C11: =ROW()-5 -> 6 | D11: AP2 Erforschung lichtrobuster Ball- und Hinderniserkennung mit Kamera und Edge-KI durch Projektleitung und KI-Fachkraft (Modelltraining) | F11: 4 | G11: 12 | I11: =IF(F11=0,"",EOMONTH(Project_Start,F11-1)) -> 46142 | J11: =IF(G11=0,"",EOMONTH(Project_Start,G11-1)) -> 46387 | L11: 8 | M11: {=_xlfn.LET( _xlpm.Z, _xlfn._xlws.FILTER($DY$6:$EE$65,$DX$6:$DX$65=C11), _xlpm.Q,_xlfn._xlws.FILTER($DP$6:$DV$65,$DO$6:$DO$65=C11), IF($A11="x",SUMPRODUCT(_xlpm.Z,$DY$73:$EE$73,EH11:EN11),SUMPRODUCT(_xlpm.Q,$DP$73:$DV$73)))} -> 0 | N11: {=_xlfn.LET( _xlpm.Z, SUM(IF($A11="x",_xlfn._xlws.FILTER($M$6:$M$65,$A$6:$A$65="x"),_xlfn._xlws.FILTER($M$6:$M$65,$A$6:$A$65<>"x"))), IF(_xlpm.Z<>0,M11/_xlpm.Z,""))} | P11: =L11 -> 8 | Q11: {=_xlfn.LET( _xlpm.Z, _xlfn._xlws.FILTER($FA$6:$FG$65,$EZ$6:$EZ$65=C11), _xlpm.Q,_xlfn._xlws.FILTER($ER$6:$EX$65,$EQ$6:$EQ$65=C11), IF($A11="x",SUMPRODUCT(_xlpm.Z,$FA$73:$FG$73,FJ11:FP11),SUMPRODUCT(_xlpm.Q,$ER$73:$EX$73)))} -> 0 | R11: {=_xlfn.LET( _xlpm.Z, SUM(IF($A11="x",_xlfn._xlws.FILTER($Q$6:$Q$65,$A$6:$A$65="x"),_xlfn._xlws.FILTER($Q$6:$Q$65,$A$6:$A$65<>"x"))), IF(_xlpm.Z<>0,Q11/_xlpm.Z,""))} | AF11: =_xlfn.LET( _xlpm.project_monat,AF$3, _xlpm.start_monat,$F11, _xlpm.ende_monat,$G11, IF(AND(_xlpm.project_monat>=_xlpm.start_monat,_xlpm.project_monat<=_xlpm.ende_monat),IF($A11="x",2,1),"")) | AG11: =_xlfn.LET( _xlpm.project_monat,AG$3, _xlpm.start_monat,$F11, _xlpm.ende_monat,$G11, IF(AND(_xlpm.project_monat>=_xlpm.start_monat,_xlpm.project_monat<=_xlpm.ende_monat),IF($A11="x",2,1),"")) | AH11: =_xlfn.LET( _xlpm.project_monat,AH$3, _xlpm.start_monat,$F11, _xlpm.ende_monat,$G11, IF(AND(_xlpm.project_monat>=_xlpm.start_monat,_xlpm.project_monat<=_xlpm.ende_monat),IF($A11="x",2,1),"")) | AI11: =_xlfn.LET( _xlpm.project_monat,AI$3, _xlpm.start_monat,$F11, _xlpm.ende_monat,$G11, IF(AND(_xlpm.project_monat>=_xlpm.start_monat,_xlpm.project_monat<=_xlpm.ende_monat),IF($A11="x",2,1),"")) -> 1 | AJ11: =_xlfn.LET( _xlpm.project_monat,AJ$3, _xlpm.start_monat,$F11, _xlpm.ende_monat,$G11, IF(AND(_xlpm.project_monat>=_xlpm.start_monat,_xlpm.project_monat<=_xlpm.ende_monat),IF($A11="x",2,1),"")) -> 1 | AK11: =_xlfn.LET( _xlpm.project_monat,AK$3, _xlpm.start_monat,$F11, _xlpm.ende_monat,$G11, IF(AND(_xlpm.project_monat>=_xlpm.start_monat,_xlpm.project_monat<=_xlpm.ende_monat),IF($A11="x",2,1),"")) -> 1 | AL11: =_xlfn.LET( _xlpm.project_monat,AL$3, _xlpm.start_monat,$F11, _xlpm.ende_monat,$G11, IF(AND(_xlpm.project_monat>=_xlpm.start_monat,_xlpm.project_monat<=_xlpm.ende_monat),IF($A11="x",2,1),"")) -> 1 | AM11: =_xlfn.LET( _xlpm.project_monat,AM$3, _xlpm.start_monat,$F11, _xlpm.ende_monat,$G11, IF(AND(_xlpm.project_monat>=_xlpm.start_monat,_xlpm.project_monat<=_xlpm.ende_monat),IF($A11="x",2,1),"")) -> 1 | ... DK11: =_xlfn.LET( _xlpm.project_monat,DK$3, _xlpm.start_monat,$F11, _xlpm.ende_monat,$G11, IF(AND(_xlpm.project_monat>=_xlpm.start_monat,_xlpm.project_monat<=_xlpm.ende_monat),IF($A11="x",2,1),"")) | DO11: =$C11 -> 6 | DP11: =IF($A11<>"x",$L11*SUMIFS($AF11:$DK11,$AF$4:$DK$4,Jahresscheiben!C$2),0) -> 72 | DQ11: =IF($A11<>"x",$L11*SUMIFS($AF11:$DK11,$AF$4:$DK$4,Jahresscheiben!D$2),0) -> 0 | DR11: =IF($A11<>"x",$L11*SUMIFS($AF11:$DK11,$AF$4:$DK$4,Jahresscheiben!E$2),0) -> 0 | DS11: =IF($A11<>"x",$L11*SUMIFS($AF11:$DK11,$AF$4:$DK$4,Jahresscheiben!F$2),0) -> 0 | DT11: =IF($A11<>"x",$L11*SUMIFS($AF11:$DK11,$AF$4:$DK$4,Jahresscheiben!G$2),0) -> 0 | DU11: =IF($A11<>"x",$L11*SUMIFS($AF11:$DK11,$AF$4:$DK$4,Jahresscheiben!H$2),0) -> 0 | DV11: =IF($A11<>"x",$L11*SUMIFS($AF11:$DK11,$AF$4:$DK$4,Jahresscheiben!I$2),0) -> 0 | DX11: =$C11 -> 6 | DY11: =IF($A11="x",$L11*SUMIFS($AF11:$DK11,$AF$4:$DK$4,Jahresscheiben!C$2)/2,0) -> 0 | DZ11: =IF($A11="x",$L11*SUMIFS($AF11:$DK11,$AF$4:$DK$4,Jahresscheiben!D$2)/2,0) -> 0 | EA11: =IF($A11="x",$L11*SUMIFS($AF11:$DK11,$AF$4:$DK$4,Jahresscheiben!E$2)/2,0) -> 0 | EB11: =IF($A11="x",$L11*SUMIFS($AF11:$DK11,$AF$4:$DK$4,Jahresscheiben!F$2)/2,0) -> 0 | EC11: =IF($A11="x",$L11*SUMIFS($AF11:$DK11,$AF$4:$DK$4,Jahresscheiben!G$2)/2,0) -> 0 | ED11: =IF($A11="x",$L11*SUMIFS($AF11:$DK11,$AF$4:$DK$4,Jahresscheiben!H$2)/2,0) -> 0 | EE11: =IF($A11="x",$L11*SUMIFS($AF11:$DK11,$AF$4:$DK$4,Jahresscheiben!I$2)/2,0) -> 0 | EG11: =$C11 -> 6 | EH11: {=_xlfn.LET(_xlpm.r,ROW($A$6:$A$65), _xlpm.i,ROW(), _xlpm.top,MAX(_xlfn._xlws.FILTER(_xlpm.r,($A$6:$A$65<>"x")*(_xlpm.r<=_xlpm.i))), _xlpm.tmp,MIN(_xlfn._xlws.FILTER(_xlpm.r,($A$6:$A$65<>"x")*(_xlpm.r>=_xlpm.i))), _xlpm.bot,IF(ISERROR(_xlpm.tmp),MAX(_xlpm.r),_xlpm.tmp), IF(_xlpm.bot=_xlpm.top,0,IF(DP$72,IF(SUM(_xlfn._xlws.FILTER(DY$6:DY$65,(_xlpm.r>_xlpm.top)*(_xlpm.r<_xlpm.bot))),1/SUM(_xlfn._xlws.FILTER(DY$6:DY$65,(_xlpm.r>_xlpm.top)*(_xlpm.r<_xlpm.bot)))*DY$72*INDEX(DP:DP,_xlpm.top)/DP$72,0),0)))} -> 0 | EI11: {=_xlfn.LET(_xlpm.r,ROW($A$6:$A$65), _xlpm.i,ROW(), _xlpm.top,MAX(_xlfn._xlws.FILTER(_xlpm.r,($A$6:$A$65<>"x")*(_xlpm.r<=_xlpm.i))), _xlpm.tmp,MIN(_xlfn._xlws.FILTER(_xlpm.r,($A$6:$A$65<>"x")*(_xlpm.r>=_xlpm.i))), _xlpm.bot,IF(ISERROR(_xlpm.tmp),MAX(_xlpm.r),_xlpm.tmp), IF(_xlpm.bot=_xlpm.top,0,IF(DQ$72,IF(SUM(_xlfn._xlws.FILTER(DZ$6:DZ$65,(_xlpm.r>_xlpm.top)*(_xlpm.r<_xlpm.bot))),1/SUM(_xlfn._xlws.FILTER(DZ$6:DZ$65,(_xlpm.r>_xlpm.top)*(_xlpm.r<_xlpm.bot)))*DZ$72*INDEX(DQ:DQ,_xlpm.top)/DQ$72,0),0)))} -> 0 | EJ11: {=_xlfn.LET(_xlpm.r,ROW($A$6:$A$65), _xlpm.i,ROW(), _xlpm.top,MAX(_xlfn._xlws.FILTER(_xlpm.r,($A$6:$A$65<>"x")*(_xlpm.r<=_xlpm.i))), _xlpm.tmp,MIN(_xlfn._xlws.FILTER(_xlpm.r,($A$6:$A$65<>"x")*(_xlpm.r>=_xlpm.i))), _xlpm.bot,IF(ISERROR(_xlpm.tmp),MAX(_xlpm.r),_xlpm.tmp), IF(_xlpm.bot=_xlpm.top,0,IF(DR$72,IF(SUM(_xlfn._xlws.FILTER(EA$6:EA$65,(_xlpm.r>_xlpm.top)*(_xlpm.r<_xlpm.bot))),1/SUM(_xlfn._xlws.FILTER(EA$6:EA$65,(_xlpm.r>_xlpm.top)*(_xlpm.r<_xlpm.bot)))*EA$72*INDEX(DR:DR,_xlpm.top)/DR$72,0),0)))} -> 0 | EK11: {=_xlfn.LET(_xlpm.r,ROW($A$6:$A$65), _xlpm.i,ROW(), _xlpm.top,MAX(_xlfn._xlws.FILTER(_xlpm.r,($A$6:$A$65<>"x")*(_xlpm.r<=_xlpm.i))), _xlpm.tmp,MIN(_xlfn._xlws.FILTER(_xlpm.r,($A$6:$A$65<>"x")*(_xlpm.r>=_xlpm.i))), _xlpm.bot,IF(ISERROR(_xlpm.tmp),MAX(_xlpm.r),_xlpm.tmp), IF(_xlpm.bot=_xlpm.top,0,IF(DS$72,IF(SUM(_xlfn._xlws.FILTER(EB$6:EB$65,(_xlpm.r>_xlpm.top)*(_xlpm.r<_xlpm.bot))),1/SUM(_xlfn._xlws.FILTER(EB$6:EB$65,(_xlpm.r>_xlpm.top)*(_xlpm.r<_xlpm.bot)))*EB$72*INDEX(DS:DS,_xlpm.top)/DS$72,0),0)))} -> 0 | EL11: {=_xlfn.LET(_xlpm.r,ROW($A$6:$A$65), _xlpm.i,ROW(), _xlpm.top,MAX(_xlfn._xlws.FILTER(_xlpm.r,($A$6:$A$65<>"x")*(_xlpm.r<=_xlpm.i))), _xlpm.tmp,MIN(_xlfn._xlws.FILTER(_xlpm.r,($A$6:$A$65<>"x")*(_xlpm.r>=_xlpm.i))), _xlpm.bot,IF(ISERROR(_xlpm.tmp),MAX(_xlpm.r),_xlpm.tmp), IF(_xlpm.bot=_xlpm.top,0,IF(DT$72,IF(SUM(_xlfn._xlws.FILTER(EC$6:EC$65,(_xlpm.r>_xlpm.top)*(_xlpm.r<_xlpm.bot))),1/SUM(_xlfn._xlws.FILTER(EC$6:EC$65,(_xlpm.r>_xlpm.top)*(_xlpm.r<_xlpm.bot)))*EC$72*INDEX(DT:DT,_xlpm.top)/DT$72,0),0)))} -> 0 | EM11: {=_xlfn.LET(_xlpm.r,ROW($A$6:$A$65), _xlpm.i,ROW(), _xlpm.top,MAX(_xlfn._xlws.FILTER(_xlpm.r,($A$6:$A$65<>"x")*(_xlpm.r<=_xlpm.i))), _xlpm.tmp,MIN(_xlfn._xlws.FILTER(_xlpm.r,($A$6:$A$65<>"x")*(_xlpm.r>=_xlpm.i))), _xlpm.bot,IF(ISERROR(_xlpm.tmp),MAX(_xlpm.r),_xlpm.tmp), IF(_xlpm.bot=_xlpm.top,0,IF(DU$72,IF(SUM(_xlfn._xlws.FILTER(ED$6:ED$65,(_xlpm.r>_xlpm.top)*(_xlpm.r<_xlpm.bot))),1/SUM(_xlfn._xlws.FILTER(ED$6:ED$65,(_xlpm.r>_xlpm.top)*(_xlpm.r<_xlpm.bot)))*ED$72*INDEX(DU:DU,_xlpm.top)/DU$72,0),0)))} -> 0 | EN11: {=_xlfn.LET(_xlpm.r,ROW($A$6:$A$65), _xlpm.i,ROW(), _xlpm.top,MAX(_xlfn._xlws.FILTER(_xlpm.r,($A$6:$A$65<>"x")*(_xlpm.r<=_xlpm.i))), _xlpm.tmp,MIN(_xlfn._xlws.FILTER(_xlpm.r,($A$6:$A$65<>"x")*(_xlpm.r>=_xlpm.i))), _xlpm.bot,IF(ISERROR(_xlpm.tmp),MAX(_xlpm.r),_xlpm.tmp), IF(_xlpm.bot=_xlpm.top,0,IF(DV$72,IF(SUM(_xlfn._xlws.FILTER(EE$6:EE$65,(_xlpm.r>_xlpm.top)*(_xlpm.r<_xlpm.bot))),1/SUM(_xlfn._xlws.FILTER(EE$6:EE$65,(_xlpm.r>_xlpm.top)*(_xlpm.r<_xlpm.bot)))*EE$72*INDEX(DV:DV,_xlpm.top)/DV$72,0),0)))} -> 0 | EQ11: =$C11 -> 6 | ER11: =IF($A11<>"x",$P11*SUMIFS($AF11:$DK11,$AF$4:$DK$4,Jahresscheiben!C$2),0) -> 72 | ES11: =IF($A11<>"x",$P11*SUMIFS($AF11:$DK11,$AF$4:$DK$4,Jahresscheiben!D$2),0) -> 0 | ET11: =IF($A11<>"x",$P11*SUMIFS($AF11:$DK11,$AF$4:$DK$4,Jahresscheiben!E$2),0) -> 0 | EU11: =IF($A11<>"x",$P11*SUMIFS($AF11:$DK11,$AF$4:$DK$4,Jahresscheiben!F$2),0) -> 0 | EV11: =IF($A11<>"x",$P11*SUMIFS($AF11:$DK11,$AF$4:$DK$4,Jahresscheiben!G$2),0) -> 0 | EW11: =IF($A11<>"x",$P11*SUMIFS($AF11:$DK11,$AF$4:$DK$4,Jahresscheiben!H$2),0) -> 0 | EX11: =IF($A11<>"x",$P11*SUMIFS($AF11:$DK11,$AF$4:$DK$4,Jahresscheiben!I$2),0) -> 0 | EZ11: =$C11 -> 6 | FA11: =IF($A11="x",$P11*SUMIFS($AF11:$DK11,$AF$4:$DK$4,Jahresscheiben!C$2)/2,0) -> 0 | FB11: =IF($A11="x",$P11*SUMIFS($AF11:$DK11,$AF$4:$DK$4,Jahresscheiben!D$2)/2,0) -> 0 | FC11: =IF($A11="x",$P11*SUMIFS($AF11:$DK11,$AF$4:$DK$4,Jahresscheiben!E$2)/2,0) -> 0 | FD11: =IF($A11="x",$P11*SUMIFS($AF11:$DK11,$AF$4:$DK$4,Jahresscheiben!F$2)/2,0) -> 0 | FE11: =IF($A11="x",$P11*SUMIFS($AF11:$DK11,$AF$4:$DK$4,Jahresscheiben!G$2)/2,0) -> 0 | FF11: =IF($A11="x",$P11*SUMIFS($AF11:$DK11,$AF$4:$DK$4,Jahresscheiben!H$2)/2,0) -> 0 | FG11: =IF($A11="x",$P11*SUMIFS($AF11:$DK11,$AF$4:$DK$4,Jahresscheiben!I$2)/2,0) -> 0 | FI11: =$C11 -> 6 | FJ11: {=_xlfn.LET(_xlpm.r,ROW($A$6:$A$65), _xlpm.i,ROW(), _xlpm.top,MAX(_xlfn._xlws.FILTER(_xlpm.r,($A$6:$A$65<>"x")*(_xlpm.r<=_xlpm.i))), _xlpm.tmp,MIN(_xlfn._xlws.FILTER(_xlpm.r,($A$6:$A$65<>"x")*(_xlpm.r>=_xlpm.i))), _xlpm.bot,IF(ISERROR(_xlpm.tmp),MAX(_xlpm.r),_xlpm.tmp), IF(_xlpm.bot=_xlpm.top,0,IF(ER$72,IF(SUM(_xlfn._xlws.FILTER(FA$6:FA$65,(_xlpm.r>_xlpm.top)*(_xlpm.r<_xlpm.bot))),1/SUM(_xlfn._xlws.FILTER(FA$6:FA$65,(_xlpm.r>_xlpm.top)*(_xlpm.r<_xlpm.bot)))*FA$72*INDEX(ER:ER,_xlpm.top)/ER$72,0),0)))} -> 0 | FK11: {=_xlfn.LET(_xlpm.r,ROW($A$6:$A$65), _xlpm.i,ROW(), _xlpm.top,MAX(_xlfn._xlws.FILTER(_xlpm.r,($A$6:$A$65<>"x")*(_xlpm.r<=_xlpm.i))), _xlpm.tmp,MIN(_xlfn._xlws.FILTER(_xlpm.r,($A$6:$A$65<>"x")*(_xlpm.r>=_xlpm.i))), _xlpm.bot,IF(ISERROR(_xlpm.tmp),MAX(_xlpm.r),_xlpm.tmp), IF(_xlpm.bot=_xlpm.top,0,IF(ES$72,IF(SUM(_xlfn._xlws.FILTER(FB$6:FB$65,(_xlpm.r>_xlpm.top)*(_xlpm.r<_xlpm.bot))),1/SUM(_xlfn._xlws.FILTER(FB$6:FB$65,(_xlpm.r>_xlpm.top)*(_xlpm.r<_xlpm.bot)))*FB$72*INDEX(ES:ES,_xlpm.top)/ES$72,0),0)))} -> 0 | FL11: {=_xlfn.LET(_xlpm.r,ROW($A$6:$A$65), _xlpm.i,ROW(), _xlpm.top,MAX(_xlfn._xlws.FILTER(_xlpm.r,($A$6:$A$65<>"x")*(_xlpm.r<=_xlpm.i))), _xlpm.tmp,MIN(_xlfn._xlws.FILTER(_xlpm.r,($A$6:$A$65<>"x")*(_xlpm.r>=_xlpm.i))), _xlpm.bot,IF(ISERROR(_xlpm.tmp),MAX(_xlpm.r),_xlpm.tmp), IF(_xlpm.bot=_xlpm.top,0,IF(ET$72,IF(SUM(_xlfn._xlws.FILTER(FC$6:FC$65,(_xlpm.r>_xlpm.top)*(_xlpm.r<_xlpm.bot))),1/SUM(_xlfn._xlws.FILTER(FC$6:FC$65,(_xlpm.r>_xlpm.top)*(_xlpm.r<_xlpm.bot)))*FC$72*INDEX(ET:ET,_xlpm.top)/ET$72,0),0)))} -> 0 | FM11: {=_xlfn.LET(_xlpm.r,ROW($A$6:$A$65), _xlpm.i,ROW(), _xlpm.top,MAX(_xlfn._xlws.FILTER(_xlpm.r,($A$6:$A$65<>"x")*(_xlpm.r<=_xlpm.i))), _xlpm.tmp,MIN(_xlfn._xlws.FILTER(_xlpm.r,($A$6:$A$65<>"x")*(_xlpm.r>=_xlpm.i))), _xlpm.bot,IF(ISERROR(_xlpm.tmp),MAX(_xlpm.r),_xlpm.tmp), IF(_xlpm.bot=_xlpm.top,0,IF(EU$72,IF(SUM(_xlfn._xlws.FILTER(FD$6:FD$65,(_xlpm.r>_xlpm.top)*(_xlpm.r<_xlpm.bot))),1/SUM(_xlfn._xlws.FILTER(FD$6:FD$65,(_xlpm.r>_xlpm.top)*(_xlpm.r<_xlpm.bot)))*FD$72*INDEX(EU:EU,_xlpm.top)/EU$72,0),0)))} -> 0 | FN11: {=_xlfn.LET(_xlpm.r,ROW($A$6:$A$65), _xlpm.i,ROW(), _xlpm.top,MAX(_xlfn._xlws.FILTER(_xlpm.r,($A$6:$A$65<>"x")*(_xlpm.r<=_xlpm.i))), _xlpm.tmp,MIN(_xlfn._xlws.FILTER(_xlpm.r,($A$6:$A$65<>"x")*(_xlpm.r>=_xlpm.i))), _xlpm.bot,IF(ISERROR(_xlpm.tmp),MAX(_xlpm.r),_xlpm.tmp), IF(_xlpm.bot=_xlpm.top,0,IF(EV$72,IF(SUM(_xlfn._xlws.FILTER(FE$6:FE$65,(_xlpm.r>_xlpm.top)*(_xlpm.r<_xlpm.bot))),1/SUM(_xlfn._xlws.FILTER(FE$6:FE$65,(_xlpm.r>_xlpm.top)*(_xlpm.r<_xlpm.bot)))*FE$72*INDEX(EV:EV,_xlpm.top)/EV$72,0),0)))} -> 0 | FO11: {=_xlfn.LET(_xlpm.r,ROW($A$6:$A$65), _xlpm.i,ROW(), _xlpm.top,MAX(_xlfn._xlws.FILTER(_xlpm.r,($A$6:$A$65<>"x")*(_xlpm.r<=_xlpm.i))), _xlpm.tmp,MIN(_xlfn._xlws.FILTER(_xlpm.r,($A$6:$A$65<>"x")*(_xlpm.r>=_xlpm.i))), _xlpm.bot,IF(ISERROR(_xlpm.tmp),MAX(_xlpm.r),_xlpm.tmp), IF(_xlpm.bot=_xlpm.top,0,IF(EW$72,IF(SUM(_xlfn._xlws.FILTER(FF$6:FF$65,(_xlpm.r>_xlpm.top)*(_xlpm.r<_xlpm.bot))),1/SUM(_xlfn._xlws.FILTER(FF$6:FF$65,(_xlpm.r>_xlpm.top)*(_xlpm.r<_xlpm.bot)))*FF$72*INDEX(EW:EW,_xlpm.top)/EW$72,0),0)))} -> 0 | FP11: {=_xlfn.LET(_xlpm.r,ROW($A$6:$A$65), _xlpm.i,ROW(), _xlpm.top,MAX(_xlfn._xlws.FILTER(_xlpm.r,($A$6:$A$65<>"x")*(_xlpm.r<=_xlpm.i))), _xlpm.tmp,MIN(_xlfn._xlws.FILTER(_xlpm.r,($A$6:$A$65<>"x")*(_xlpm.r>=_xlpm.i))), _xlpm.bot,IF(ISERROR(_xlpm.tmp),MAX(_xlpm.r),_xlpm.tmp), IF(_xlpm.bot=_xlpm.top,0,IF(EX$72,IF(SUM(_xlfn._xlws.FILTER(FG$6:FG$65,(_xlpm.r>_xlpm.top)*(_xlpm.r<_xlpm.bot))),1/SUM(_xlfn._xlws.FILTER(FG$6:FG$65,(_xlpm.r>_xlpm.top)*(_xlpm.r<_xlpm.bot)))*FG$72*INDEX(EX:EX,_xlpm.top)/EX$72,0),0)))} -> 0
A12: x | B12: =LEN(D12) -> 150 | C12: =ROW()-5 -> 7 | D12: 2.1 Aufbau eines annotierten Bilddatensatzes mit Bällen, Personen und Gegenständen bei wechselnden Leuchten, Schatten und Blickwinkeln (Datenerhebung) | F12: 4 | G12: 7 | I12: =IF(F12=0,"",EOMONTH(Project_Start,F12-1)) -> 46142 | J12: =IF(G12=0,"",EOMONTH(Project_Start,G12-1)) -> 46234 | L12: 7 | M12: {=_xlfn.LET( _xlpm.Z, _xlfn._xlws.FILTER($DY$6:$EE$65,$DX$6:$DX$65=C12), _xlpm.Q,_xlfn._xlws.FILTER($DP$6:$DV$65,$DO$6:$DO$65=C12), IF($A12="x",SUMPRODUCT(_xlpm.Z,$DY$73:$EE$73,EH12:EN12),SUMPRODUCT(_xlpm.Q,$DP$73:$DV$73)))} -> 0 | N12: {=_xlfn.LET( _xlpm.Z, SUM(IF($A12="x",_xlfn._xlws.FILTER($M$6:$M$65,$A$6:$A$65="x"),_xlfn._xlws.FILTER($M$6:$M$65,$A$6:$A$65<>"x"))), IF(_xlpm.Z<>0,M12/_xlpm.Z,""))} | P12: =L12 -> 7 | Q12: {=_xlfn.LET( _xlpm.Z, _xlfn._xlws.FILTER($FA$6:$FG$65,$EZ$6:$EZ$65=C12), _xlpm.Q,_xlfn._xlws.FILTER($ER$6:$EX$65,$EQ$6:$EQ$65=C12), IF($A12="x",SUMPRODUCT(_xlpm.Z,$FA$73:$FG$73,FJ12:FP12),SUMPRODUCT(_xlpm.Q,$ER$73:$EX$73)))} -> 0 | R12: {=_xlfn.LET( _xlpm.Z, SUM(IF($A12="x",_xlfn._xlws.FILTER($Q$6:$Q$65,$A$6:$A$65="x"),_xlfn._xlws.FILTER($Q$6:$Q$65,$A$6:$A$65<>"x"))), IF(_xlpm.Z<>0,Q12/_xlpm.Z,""))} | AF12: =_xlfn.LET( _xlpm.project_monat,AF$3, _xlpm.start_monat,$F12, _xlpm.ende_monat,$G12, IF(AND(_xlpm.project_monat>=_xlpm.start_monat,_xlpm.project_monat<=_xlpm.ende_monat),IF($A12="x",2,1),"")) | AG12: =_xlfn.LET( _xlpm.project_monat,AG$3, _xlpm.start_monat,$F12, _xlpm.ende_monat,$G12, IF(AND(_xlpm.project_monat>=_xlpm.start_monat,_xlpm.project_monat<=_xlpm.ende_monat),IF($A12="x",2,1),"")) | AH12: =_xlfn.LET( _xlpm.project_monat,AH$3, _xlpm.start_monat,$F12, _xlpm.ende_monat,$G12, IF(AND(_xlpm.project_monat>=_xlpm.start_monat,_xlpm.project_monat<=_xlpm.ende_monat),IF($A12="x",2,1),"")) | AI12: =_xlfn.LET( _xlpm.project_monat,AI$3, _xlpm.start_monat,$F12, _xlpm.ende_monat,$G12, IF(AND(_xlpm.project_monat>=_xlpm.start_monat,_xlpm.project_monat<=_xlpm.ende_monat),IF($A12="x",2,1),"")) -> 2 | AJ12: =_xlfn.LET( _xlpm.project_monat,AJ$3, _xlpm.start_monat,$F12, _xlpm.ende_monat,$G12, IF(AND(_xlpm.project_monat>=_xlpm.start_monat,_xlpm.project_monat<=_xlpm.ende_monat),IF($A12="x",2,1),"")) -> 2 | AK12: =_xlfn.LET( _xlpm.project_monat,AK$3, _xlpm.start_monat,$F12, _xlpm.ende_monat,$G12, IF(AND(_xlpm.project_monat>=_xlpm.start_monat,_xlpm.project_monat<=_xlpm.ende_monat),IF($A12="x",2,1),"")) -> 2 | AL12: =_xlfn.LET( _xlpm.project_monat,AL$3, _xlpm.start_monat,$F12, _xlpm.ende_monat,$G12, IF(AND(_xlpm.project_monat>=_xlpm.start_monat,_xlpm.project_monat<=_xlpm.ende_monat),IF($A12="x",2,1),"")) -> 2 | AM12: =_xlfn.LET( _xlpm.project_monat,AM$3, _xlpm.start_monat,$F12, _xlpm.ende_monat,$G12, IF(AND(_xlpm.project_monat>=_xlpm.start_monat,_xlpm.project_monat<=_xlpm.ende_monat),IF($A12="x",2,1),"")) | ... DK12: =_xlfn.LET( _xlpm.project_monat,DK$3, _xlpm.start_monat,$F12, _xlpm.ende_monat,$G12, IF(AND(_xlpm.project_monat>=_xlpm.start_monat,_xlpm.project_monat<=_xlpm.ende_monat),IF($A12="x",2,1),"")) | DO12: =$C12 -> 7 | DP12: =IF($A12<>"x",$L12*SUMIFS($AF12:$DK12,$AF$4:$DK$4,Jahresscheiben!C$2),0) -> 0 | DQ12: =IF($A12<>"x",$L12*SUMIFS($AF12:$DK12,$AF$4:$DK$4,Jahresscheiben!D$2),0) -> 0 | DR12: =IF($A12<>"x",$L12*SUMIFS($AF12:$DK12,$AF$4:$DK$4,Jahresscheiben!E$2),0) -> 0 | DS12: =IF($A12<>"x",$L12*SUMIFS($AF12:$DK12,$AF$4:$DK$4,Jahresscheiben!F$2),0) -> 0 | DT12: =IF($A12<>"x",$L12*SUMIFS($AF12:$DK12,$AF$4:$DK$4,Jahresscheiben!G$2),0) -> 0 | DU12: =IF($A12<>"x",$L12*SUMIFS($AF12:$DK12,$AF$4:$DK$4,Jahresscheiben!H$2),0) -> 0 | DV12: =IF($A12<>"x",$L12*SUMIFS($AF12:$DK12,$AF$4:$DK$4,Jahresscheiben!I$2),0) -> 0 | DX12: =$C12 -> 7 | DY12: =IF($A12="x",$L12*SUMIFS($AF12:$DK12,$AF$4:$DK$4,Jahresscheiben!C$2)/2,0) -> 28 | DZ12: =IF($A12="x",$L12*SUMIFS($AF12:$DK12,$AF$4:$DK$4,Jahresscheiben!D$2)/2,0) -> 0 | EA12: =IF($A12="x",$L12*SUMIFS($AF12:$DK12,$AF$4:$DK$4,Jahresscheiben!E$2)/2,0) -> 0 | EB12: =IF($A12="x",$L12*SUMIFS($AF12:$DK12,$AF$4:$DK$4,Jahresscheiben!F$2)/2,0) -> 0 | EC12: =IF($A12="x",$L12*SUMIFS($AF12:$DK12,$AF$4:$DK$4,Jahresscheiben!G$2)/2,0) -> 0 | ED12: =IF($A12="x",$L12*SUMIFS($AF12:$DK12,$AF$4:$DK$4,Jahresscheiben!H$2)/2,0) -> 0 | EE12: =IF($A12="x",$L12*SUMIFS($AF12:$DK12,$AF$4:$DK$4,Jahresscheiben!I$2)/2,0) -> 0 | EG12: =$C12 -> 7 | EH12: {=_xlfn.LET(_xlpm.r,ROW($A$6:$A$65), _xlpm.i,ROW(), _xlpm.top,MAX(_xlfn._xlws.FILTER(_xlpm.r,($A$6:$A$65<>"x")*(_xlpm.r<=_xlpm.i))), _xlpm.tmp,MIN(_xlfn._xlws.FILTER(_xlpm.r,($A$6:$A$65<>"x")*(_xlpm.r>=_xlpm.i))), _xlpm.bot,IF(ISERROR(_xlpm.tmp),MAX(_xlpm.r),_xlpm.tmp), IF(_xlpm.bot=_xlpm.top,0,IF(DP$72,IF(SUM(_xlfn._xlws.FILTER(DY$6:DY$65,(_xlpm.r>_xlpm.top)*(_xlpm.r<_xlpm.bot))),1/SUM(_xlfn._xlws.FILTER(DY$6:DY$65,(_xlpm.r>_xlpm.top)*(_xlpm.r<_xlpm.bot)))*DY$72*INDEX(DP:DP,_xlpm.top)/DP$72,0),0)))} -> 1.0681859 | EI12: {=_xlfn.LET(_xlpm.r,ROW($A$6:$A$65), _xlpm.i,ROW(), _xlpm.top,MAX(_xlfn._xlws.FILTER(_xlpm.r,($A$6:$A$65<>"x")*(_xlpm.r<=_xlpm.i))), _xlpm.tmp,MIN(_xlfn._xlws.FILTER(_xlpm.r,($A$6:$A$65<>"x")*(_xlpm.r>=_xlpm.i))), _xlpm.bot,IF(ISERROR(_xlpm.tmp),MAX(_xlpm.r),_xlpm.tmp), IF(_xlpm.bot=_xlpm.top,0,IF(DQ$72,IF(SUM(_xlfn._xlws.FILTER(DZ$6:DZ$65,(_xlpm.r>_xlpm.top)*(_xlpm.r<_xlpm.bot))),1/SUM(_xlfn._xlws.FILTER(DZ$6:DZ$65,(_xlpm.r>_xlpm.top)*(_xlpm.r<_xlpm.bot)))*DZ$72*INDEX(DQ:DQ,_xlpm.top)/DQ$72,0),0)))} -> 0 | EJ12: {=_xlfn.LET(_xlpm.r,ROW($A$6:$A$65), _xlpm.i,ROW(), _xlpm.top,MAX(_xlfn._xlws.FILTER(_xlpm.r,($A$6:$A$65<>"x")*(_xlpm.r<=_xlpm.i))), _xlpm.tmp,MIN(_xlfn._xlws.FILTER(_xlpm.r,($A$6:$A$65<>"x")*(_xlpm.r>=_xlpm.i))), _xlpm.bot,IF(ISERROR(_xlpm.tmp),MAX(_xlpm.r),_xlpm.tmp), IF(_xlpm.bot=_xlpm.top,0,IF(DR$72,IF(SUM(_xlfn._xlws.FILTER(EA$6:EA$65,(_xlpm.r>_xlpm.top)*(_xlpm.r<_xlpm.bot))),1/SUM(_xlfn._xlws.FILTER(EA$6:EA$65,(_xlpm.r>_xlpm.top)*(_xlpm.r<_xlpm.bot)))*EA$72*INDEX(DR:DR,_xlpm.top)/DR$72,0),0)))} -> 0 | EK12: {=_xlfn.LET(_xlpm.r,ROW($A$6:$A$65), _xlpm.i,ROW(), _xlpm.top,MAX(_xlfn._xlws.FILTER(_xlpm.r,($A$6:$A$65<>"x")*(_xlpm.r<=_xlpm.i))), _xlpm.tmp,MIN(_xlfn._xlws.FILTER(_xlpm.r,($A$6:$A$65<>"x")*(_xlpm.r>=_xlpm.i))), _xlpm.bot,IF(ISERROR(_xlpm.tmp),MAX(_xlpm.r),_xlpm.tmp), IF(_xlpm.bot=_xlpm.top,0,IF(DS$72,IF(SUM(_xlfn._xlws.FILTER(EB$6:EB$65,(_xlpm.r>_xlpm.top)*(_xlpm.r<_xlpm.bot))),1/SUM(_xlfn._xlws.FILTER(EB$6:EB$65,(_xlpm.r>_xlpm.top)*(_xlpm.r<_xlpm.bot)))*EB$72*INDEX(DS:DS,_xlpm.top)/DS$72,0),0)))} -> 0 | EL12: {=_xlfn.LET(_xlpm.r,ROW($A$6:$A$65), _xlpm.i,ROW(), _xlpm.top,MAX(_xlfn._xlws.FILTER(_xlpm.r,($A$6:$A$65<>"x")*(_xlpm.r<=_xlpm.i))), _xlpm.tmp,MIN(_xlfn._xlws.FILTER(_xlpm.r,($A$6:$A$65<>"x")*(_xlpm.r>=_xlpm.i))), _xlpm.bot,IF(ISERROR(_xlpm.tmp),MAX(_xlpm.r),_xlpm.tmp), IF(_xlpm.bot=_xlpm.top,0,IF(DT$72,IF(SUM(_xlfn._xlws.FILTER(EC$6:EC$65,(_xlpm.r>_xlpm.top)*(_xlpm.r<_xlpm.bot))),1/SUM(_xlfn._xlws.FILTER(EC$6:EC$65,(_xlpm.r>_xlpm.top)*(_xlpm.r<_xlpm.bot)))*EC$72*INDEX(DT:DT,_xlpm.top)/DT$72,0),0)))} -> 0 | EM12: {=_xlfn.LET(_xlpm.r,ROW($A$6:$A$65), _xlpm.i,ROW(), _xlpm.top,MAX(_xlfn._xlws.FILTER(_xlpm.r,($A$6:$A$65<>"x")*(_xlpm.r<=_xlpm.i))), _xlpm.tmp,MIN(_xlfn._xlws.FILTER(_xlpm.r,($A$6:$A$65<>"x")*(_xlpm.r>=_xlpm.i))), _xlpm.bot,IF(ISERROR(_xlpm.tmp),MAX(_xlpm.r),_xlpm.tmp), IF(_xlpm.bot=_xlpm.top,0,IF(DU$72,IF(SUM(_xlfn._xlws.FILTER(ED$6:ED$65,(_xlpm.r>_xlpm.top)*(_xlpm.r<_xlpm.bot))),1/SUM(_xlfn._xlws.FILTER(ED$6:ED$65,(_xlpm.r>_xlpm.top)*(_xlpm.r<_xlpm.bot)))*ED$72*INDEX(DU:DU,_xlpm.top)/DU$72,0),0)))} -> 0 | EN12: {=_xlfn.LET(_xlpm.r,ROW($A$6:$A$65), _xlpm.i,ROW(), _xlpm.top,MAX(_xlfn._xlws.FILTER(_xlpm.r,($A$6:$A$65<>"x")*(_xlpm.r<=_xlpm.i))), _xlpm.tmp,MIN(_xlfn._xlws.FILTER(_xlpm.r,($A$6:$A$65<>"x")*(_xlpm.r>=_xlpm.i))), _xlpm.bot,IF(ISERROR(_xlpm.tmp),MAX(_xlpm.r),_xlpm.tmp), IF(_xlpm.bot=_xlpm.top,0,IF(DV$72,IF(SUM(_xlfn._xlws.FILTER(EE$6:EE$65,(_xlpm.r>_xlpm.top)*(_xlpm.r<_xlpm.bot))),1/SUM(_xlfn._xlws.FILTER(EE$6:EE$65,(_xlpm.r>_xlpm.top)*(_xlpm.r<_xlpm.bot)))*EE$72*INDEX(DV:DV,_xlpm.top)/DV$72,0),0)))} -> 0 | EQ12: =$C12 -> 7 | ER12: =IF($A12<>"x",$P12*SUMIFS($AF12:$DK12,$AF$4:$DK$4,Jahresscheiben!C$2),0) -> 0 | ES12: =IF($A12<>"x",$P12*SUMIFS($AF12:$DK12,$AF$4:$DK$4,Jahresscheiben!D$2),0) -> 0 | ET12: =IF($A12<>"x",$P12*SUMIFS($AF12:$DK12,$AF$4:$DK$4,Jahresscheiben!E$2),0) -> 0 | EU12: =IF($A12<>"x",$P12*SUMIFS($AF12:$DK12,$AF$4:$DK$4,Jahresscheiben!F$2),0) -> 0 | EV12: =IF($A12<>"x",$P12*SUMIFS($AF12:$DK12,$AF$4:$DK$4,Jahresscheiben!G$2),0) -> 0 | EW12: =IF($A12<>"x",$P12*SUMIFS($AF12:$DK12,$AF$4:$DK$4,Jahresscheiben!H$2),0) -> 0 | EX12: =IF($A12<>"x",$P12*SUMIFS($AF12:$DK12,$AF$4:$DK$4,Jahresscheiben!I$2),0) -> 0 | EZ12: =$C12 -> 7 | FA12: =IF($A12="x",$P12*SUMIFS($AF12:$DK12,$AF$4:$DK$4,Jahresscheiben!C$2)/2,0) -> 28 | FB12: =IF($A12="x",$P12*SUMIFS($AF12:$DK12,$AF$4:$DK$4,Jahresscheiben!D$2)/2,0) -> 0 | FC12: =IF($A12="x",$P12*SUMIFS($AF12:$DK12,$AF$4:$DK$4,Jahresscheiben!E$2)/2,0) -> 0 | FD12: =IF($A12="x",$P12*SUMIFS($AF12:$DK12,$AF$4:$DK$4,Jahresscheiben!F$2)/2,0) -> 0 | FE12: =IF($A12="x",$P12*SUMIFS($AF12:$DK12,$AF$4:$DK$4,Jahresscheiben!G$2)/2,0) -> 0 | FF12: =IF($A12="x",$P12*SUMIFS($AF12:$DK12,$AF$4:$DK$4,Jahresscheiben!H$2)/2,0) -> 0 | FG12: =IF($A12="x",$P12*SUMIFS($AF12:$DK12,$AF$4:$DK$4,Jahresscheiben!I$2)/2,0) -> 0 | FI12: =$C12 -> 7 | FJ12: {=_xlfn.LET(_xlpm.r,ROW($A$6:$A$65), _xlpm.i,ROW(), _xlpm.top,MAX(_xlfn._xlws.FILTER(_xlpm.r,($A$6:$A$65<>"x")*(_xlpm.r<=_xlpm.i))), _xlpm.tmp,MIN(_xlfn._xlws.FILTER(_xlpm.r,($A$6:$A$65<>"x")*(_xlpm.r>=_xlpm.i))), _xlpm.bot,IF(ISERROR(_xlpm.tmp),MAX(_xlpm.r),_xlpm.tmp), IF(_xlpm.bot=_xlpm.top,0,IF(ER$72,IF(SUM(_xlfn._xlws.FILTER(FA$6:FA$65,(_xlpm.r>_xlpm.top)*(_xlpm.r<_xlpm.bot))),1/SUM(_xlfn._xlws.FILTER(FA$6:FA$65,(_xlpm.r>_xlpm.top)*(_xlpm.r<_xlpm.bot)))*FA$72*INDEX(ER:ER,_xlpm.top)/ER$72,0),0)))} -> 1.0681859 | FK12: {=_xlfn.LET(_xlpm.r,ROW($A$6:$A$65), _xlpm.i,ROW(), _xlpm.top,MAX(_xlfn._xlws.FILTER(_xlpm.r,($A$6:$A$65<>"x")*(_xlpm.r<=_xlpm.i))), _xlpm.tmp,MIN(_xlfn._xlws.FILTER(_xlpm.r,($A$6:$A$65<>"x")*(_xlpm.r>=_xlpm.i))), _xlpm.bot,IF(ISERROR(_xlpm.tmp),MAX(_xlpm.r),_xlpm.tmp), IF(_xlpm.bot=_xlpm.top,0,IF(ES$72,IF(SUM(_xlfn._xlws.FILTER(FB$6:FB$65,(_xlpm.r>_xlpm.top)*(_xlpm.r<_xlpm.bot))),1/SUM(_xlfn._xlws.FILTER(FB$6:FB$65,(_xlpm.r>_xlpm.top)*(_xlpm.r<_xlpm.bot)))*FB$72*INDEX(ES:ES,_xlpm.top)/ES$72,0),0)))} -> 0 | FL12: {=_xlfn.LET(_xlpm.r,ROW($A$6:$A$65), _xlpm.i,ROW(), _xlpm.top,MAX(_xlfn._xlws.FILTER(_xlpm.r,($A$6:$A$65<>"x")*(_xlpm.r<=_xlpm.i))), _xlpm.tmp,MIN(_xlfn._xlws.FILTER(_xlpm.r,($A$6:$A$65<>"x")*(_xlpm.r>=_xlpm.i))), _xlpm.bot,IF(ISERROR(_xlpm.tmp),MAX(_xlpm.r),_xlpm.tmp), IF(_xlpm.bot=_xlpm.top,0,IF(ET$72,IF(SUM(_xlfn._xlws.FILTER(FC$6:FC$65,(_xlpm.r>_xlpm.top)*(_xlpm.r<_xlpm.bot))),1/SUM(_xlfn._xlws.FILTER(FC$6:FC$65,(_xlpm.r>_xlpm.top)*(_xlpm.r<_xlpm.bot)))*FC$72*INDEX(ET:ET,_xlpm.top)/ET$72,0),0)))} -> 0 | FM12: {=_xlfn.LET(_xlpm.r,ROW($A$6:$A$65), _xlpm.i,ROW(), _xlpm.top,MAX(_xlfn._xlws.FILTER(_xlpm.r,($A$6:$A$65<>"x")*(_xlpm.r<=_xlpm.i))), _xlpm.tmp,MIN(_xlfn._xlws.FILTER(_xlpm.r,($A$6:$A$65<>"x")*(_xlpm.r>=_xlpm.i))), _xlpm.bot,IF(ISERROR(_xlpm.tmp),MAX(_xlpm.r),_xlpm.tmp), IF(_xlpm.bot=_xlpm.top,0,IF(EU$72,IF(SUM(_xlfn._xlws.FILTER(FD$6:FD$65,(_xlpm.r>_xlpm.top)*(_xlpm.r<_xlpm.bot))),1/SUM(_xlfn._xlws.FILTER(FD$6:FD$65,(_xlpm.r>_xlpm.top)*(_xlpm.r<_xlpm.bot)))*FD$72*INDEX(EU:EU,_xlpm.top)/EU$72,0),0)))} -> 0 | FN12: {=_xlfn.LET(_xlpm.r,ROW($A$6:$A$65), _xlpm.i,ROW(), _xlpm.top,MAX(_xlfn._xlws.FILTER(_xlpm.r,($A$6:$A$65<>"x")*(_xlpm.r<=_xlpm.i))), _xlpm.tmp,MIN(_xlfn._xlws.FILTER(_xlpm.r,($A$6:$A$65<>"x")*(_xlpm.r>=_xlpm.i))), _xlpm.bot,IF(ISERROR(_xlpm.tmp),MAX(_xlpm.r),_xlpm.tmp), IF(_xlpm.bot=_xlpm.top,0,IF(EV$72,IF(SUM(_xlfn._xlws.FILTER(FE$6:FE$65,(_xlpm.r>_xlpm.top)*(_xlpm.r<_xlpm.bot))),1/SUM(_xlfn._xlws.FILTER(FE$6:FE$65,(_xlpm.r>_xlpm.top)*(_xlpm.r<_xlpm.bot)))*FE$72*INDEX(EV:EV,_xlpm.top)/EV$72,0),0)))} -> 0 | FO12: {=_xlfn.LET(_xlpm.r,ROW($A$6:$A$65), _xlpm.i,ROW(), _xlpm.top,MAX(_xlfn._xlws.FILTER(_xlpm.r,($A$6:$A$65<>"x")*(_xlpm.r<=_xlpm.i))), _xlpm.tmp,MIN(_xlfn._xlws.FILTER(_xlpm.r,($A$6:$A$65<>"x")*(_xlpm.r>=_xlpm.i))), _xlpm.bot,IF(ISERROR(_xlpm.tmp),MAX(_xlpm.r),_xlpm.tmp), IF(_xlpm.bot=_xlpm.top,0,IF(EW$72,IF(SUM(_xlfn._xlws.FILTER(FF$6:FF$65,(_xlpm.r>_xlpm.top)*(_xlpm.r<_xlpm.bot))),1/SUM(_xlfn._xlws.FILTER(FF$6:FF$65,(_xlpm.r>_xlpm.top)*(_xlpm.r<_xlpm.bot)))*FF$72*INDEX(EW:EW,_xlpm.top)/EW$72,0),0)))} -> 0 | FP12: {=_xlfn.LET(_xlpm.r,ROW($A$6:$A$65), _xlpm.i,ROW(), _xlpm.top,MAX(_xlfn._xlws.FILTER(_xlpm.r,($A$6:$A$65<>"x")*(_xlpm.r<=_xlpm.i))), _xlpm.tmp,MIN(_xlfn._xlws.FILTER(_xlpm.r,($A$6:$A$65<>"x")*(_xlpm.r>=_xlpm.i))), _xlpm.bot,IF(ISERROR(_xlpm.tmp),MAX(_xlpm.r),_xlpm.tmp), IF(_xlpm.bot=_xlpm.top,0,IF(EX$72,IF(SUM(_xlfn._xlws.FILTER(FG$6:FG$65,(_xlpm.r>_xlpm.top)*(_xlpm.r<_xlpm.bot))),1/SUM(_xlfn._xlws.FILTER(FG$6:FG$65,(_xlpm.r>_xlpm.top)*(_xlpm.r<_xlpm.bot)))*FG$72*INDEX(EX:EX,_xlpm.top)/EX$72,0),0)))} -> 0
A13: x | B13: =LEN(D13) -> 139 | C13: =ROW()-5 -> 8 | D13: 2.2 Vergleich von Filtern, Kamerapositionen und Abstandssensoren nach Detektionsgüte, Reichweite und Leistungsbedarf (Faktorieller Versuch) | F13: 5 | G13: 9 | I13: =IF(F13=0,"",EOMONTH(Project_Start,F13-1)) -> 46173 | J13: =IF(G13=0,"",EOMONTH(Project_Start,G13-1)) -> 46295 | L13: 7 | M13: {=_xlfn.LET( _xlpm.Z, _xlfn._xlws.FILTER($DY$6:$EE$65,$DX$6:$DX$65=C13), _xlpm.Q,_xlfn._xlws.FILTER($DP$6:$DV$65,$DO$6:$DO$65=C13), IF($A13="x",SUMPRODUCT(_xlpm.Z,$DY$73:$EE$73,EH13:EN13),SUMPRODUCT(_xlpm.Q,$DP$73:$DV$73)))} -> 0 | N13: {=_xlfn.LET( _xlpm.Z, SUM(IF($A13="x",_xlfn._xlws.FILTER($M$6:$M$65,$A$6:$A$65="x"),_xlfn._xlws.FILTER($M$6:$M$65,$A$6:$A$65<>"x"))), IF(_xlpm.Z<>0,M13/_xlpm.Z,""))} | P13: =L13 -> 7 | Q13: {=_xlfn.LET( _xlpm.Z, _xlfn._xlws.FILTER($FA$6:$FG$65,$EZ$6:$EZ$65=C13), _xlpm.Q,_xlfn._xlws.FILTER($ER$6:$EX$65,$EQ$6:$EQ$65=C13), IF($A13="x",SUMPRODUCT(_xlpm.Z,$FA$73:$FG$73,FJ13:FP13),SUMPRODUCT(_xlpm.Q,$ER$73:$EX$73)))} -> 0 | R13: {=_xlfn.LET( _xlpm.Z, SUM(IF($A13="x",_xlfn._xlws.FILTER($Q$6:$Q$65,$A$6:$A$65="x"),_xlfn._xlws.FILTER($Q$6:$Q$65,$A$6:$A$65<>"x"))), IF(_xlpm.Z<>0,Q13/_xlpm.Z,""))} | AF13: =_xlfn.LET( _xlpm.project_monat,AF$3, _xlpm.start_monat,$F13, _xlpm.ende_monat,$G13, IF(AND(_xlpm.project_monat>=_xlpm.start_monat,_xlpm.project_monat<=_xlpm.ende_monat),IF($A13="x",2,1),"")) | AG13: =_xlfn.LET( _xlpm.project_monat,AG$3, _xlpm.start_monat,$F13, _xlpm.ende_monat,$G13, IF(AND(_xlpm.project_monat>=_xlpm.start_monat,_xlpm.project_monat<=_xlpm.ende_monat),IF($A13="x",2,1),"")) | AH13: =_xlfn.LET( _xlpm.project_monat,AH$3, _xlpm.start_monat,$F13, _xlpm.ende_monat,$G13, IF(AND(_xlpm.project_monat>=_xlpm.start_monat,_xlpm.project_monat<=_xlpm.ende_monat),IF($A13="x",2,1),"")) | AI13: =_xlfn.LET( _xlpm.project_monat,AI$3, _xlpm.start_monat,$F13, _xlpm.ende_monat,$G13, IF(AND(_xlpm.project_monat>=_xlpm.start_monat,_xlpm.project_monat<=_xlpm.ende_monat),IF($A13="x",2,1),"")) | AJ13: =_xlfn.LET( _xlpm.project_monat,AJ$3, _xlpm.start_monat,$F13, _xlpm.ende_monat,$G13, IF(AND(_xlpm.project_monat>=_xlpm.start_monat,_xlpm.project_monat<=_xlpm.ende_monat),IF($A13="x",2,1),"")) -> 2 | AK13: =_xlfn.LET( _xlpm.project_monat,AK$3, _xlpm.start_monat,$F13, _xlpm.ende_monat,$G13, IF(AND(_xlpm.project_monat>=_xlpm.start_monat,_xlpm.project_monat<=_xlpm.ende_monat),IF($A13="x",2,1),"")) -> 2 | AL13: =_xlfn.LET( _xlpm.project_monat,AL$3, _xlpm.start_monat,$F13, _xlpm.ende_monat,$G13, IF(AND(_xlpm.project_monat>=_xlpm.start_monat,_xlpm.project_monat<=_xlpm.ende_monat),IF($A13="x",2,1),"")) -> 2 | AM13: =_xlfn.LET( _xlpm.project_monat,AM$3, _xlpm.start_monat,$F13, _xlpm.ende_monat,$G13, IF(AND(_xlpm.project_monat>=_xlpm.start_monat,_xlpm.project_monat<=_xlpm.ende_monat),IF($A13="x",2,1),"")) -> 2 | ... DK13: =_xlfn.LET( _xlpm.project_monat,DK$3, _xlpm.start_monat,$F13, _xlpm.ende_monat,$G13, IF(AND(_xlpm.project_monat>=_xlpm.start_monat,_xlpm.project_monat<=_xlpm.ende_monat),IF($A13="x",2,1),"")) | DO13: =$C13 -> 8 | DP13: =IF($A13<>"x",$L13*SUMIFS($AF13:$DK13,$AF$4:$DK$4,Jahresscheiben!C$2),0) -> 0 | DQ13: =IF($A13<>"x",$L13*SUMIFS($AF13:$DK13,$AF$4:$DK$4,Jahresscheiben!D$2),0) -> 0 | DR13: =IF($A13<>"x",$L13*SUMIFS($AF13:$DK13,$AF$4:$DK$4,Jahresscheiben!E$2),0) -> 0 | DS13: =IF($A13<>"x",$L13*SUMIFS($AF13:$DK13,$AF$4:$DK$4,Jahresscheiben!F$2),0) -> 0 | DT13: =IF($A13<>"x",$L13*SUMIFS($AF13:$DK13,$AF$4:$DK$4,Jahresscheiben!G$2),0) -> 0 | DU13: =IF($A13<>"x",$L13*SUMIFS($AF13:$DK13,$AF$4:$DK$4,Jahresscheiben!H$2),0) -> 0 | DV13: =IF($A13<>"x",$L13*SUMIFS($AF13:$DK13,$AF$4:$DK$4,Jahresscheiben!I$2),0) -> 0 | DX13: =$C13 -> 8 | DY13: =IF($A13="x",$L13*SUMIFS($AF13:$DK13,$AF$4:$DK$4,Jahresscheiben!C$2)/2,0) -> 35 | DZ13: =IF($A13="x",$L13*SUMIFS($AF13:$DK13,$AF$4:$DK$4,Jahresscheiben!D$2)/2,0) -> 0 | EA13: =IF($A13="x",$L13*SUMIFS($AF13:$DK13,$AF$4:$DK$4,Jahresscheiben!E$2)/2,0) -> 0 | EB13: =IF($A13="x",$L13*SUMIFS($AF13:$DK13,$AF$4:$DK$4,Jahresscheiben!F$2)/2,0) -> 0 | EC13: =IF($A13="x",$L13*SUMIFS($AF13:$DK13,$AF$4:$DK$4,Jahresscheiben!G$2)/2,0) -> 0 | ED13: =IF($A13="x",$L13*SUMIFS($AF13:$DK13,$AF$4:$DK$4,Jahresscheiben!H$2)/2,0) -> 0 | EE13: =IF($A13="x",$L13*SUMIFS($AF13:$DK13,$AF$4:$DK$4,Jahresscheiben!I$2)/2,0) -> 0 | EG13: =$C13 -> 8 | EH13: {=_xlfn.LET(_xlpm.r,ROW($A$6:$A$65), _xlpm.i,ROW(), _xlpm.top,MAX(_xlfn._xlws.FILTER(_xlpm.r,($A$6:$A$65<>"x")*(_xlpm.r<=_xlpm.i))), _xlpm.tmp,MIN(_xlfn._xlws.FILTER(_xlpm.r,($A$6:$A$65<>"x")*(_xlpm.r>=_xlpm.i))), _xlpm.bot,IF(ISERROR(_xlpm.tmp),MAX(_xlpm.r),_xlpm.tmp), IF(_xlpm.bot=_xlpm.top,0,IF(DP$72,IF(SUM(_xlfn._xlws.FILTER(DY$6:DY$65,(_xlpm.r>_xlpm.top)*(_xlpm.r<_xlpm.bot))),1/SUM(_xlfn._xlws.FILTER(DY$6:DY$65,(_xlpm.r>_xlpm.top)*(_xlpm.r<_xlpm.bot)))*DY$72*INDEX(DP:DP,_xlpm.top)/DP$72,0),0)))} -> 1.0681859 | EI13: {=_xlfn.LET(_xlpm.r,ROW($A$6:$A$65), _xlpm.i,ROW(), _xlpm.top,MAX(_xlfn._xlws.FILTER(_xlpm.r,($A$6:$A$65<>"x")*(_xlpm.r<=_xlpm.i))), _xlpm.tmp,MIN(_xlfn._xlws.FILTER(_xlpm.r,($A$6:$A$65<>"x")*(_xlpm.r>=_xlpm.i))), _xlpm.bot,IF(ISERROR(_xlpm.tmp),MAX(_xlpm.r),_xlpm.tmp), IF(_xlpm.bot=_xlpm.top,0,IF(DQ$72,IF(SUM(_xlfn._xlws.FILTER(DZ$6:DZ$65,(_xlpm.r>_xlpm.top)*(_xlpm.r<_xlpm.bot))),1/SUM(_xlfn._xlws.FILTER(DZ$6:DZ$65,(_xlpm.r>_xlpm.top)*(_xlpm.r<_xlpm.bot)))*DZ$72*INDEX(DQ:DQ,_xlpm.top)/DQ$72,0),0)))} -> 0 | EJ13: {=_xlfn.LET(_xlpm.r,ROW($A$6:$A$65), _xlpm.i,ROW(), _xlpm.top,MAX(_xlfn._xlws.FILTER(_xlpm.r,($A$6:$A$65<>"x")*(_xlpm.r<=_xlpm.i))), _xlpm.tmp,MIN(_xlfn._xlws.FILTER(_xlpm.r,($A$6:$A$65<>"x")*(_xlpm.r>=_xlpm.i))), _xlpm.bot,IF(ISERROR(_xlpm.tmp),MAX(_xlpm.r),_xlpm.tmp), IF(_xlpm.bot=_xlpm.top,0,IF(DR$72,IF(SUM(_xlfn._xlws.FILTER(EA$6:EA$65,(_xlpm.r>_xlpm.top)*(_xlpm.r<_xlpm.bot))),1/SUM(_xlfn._xlws.FILTER(EA$6:EA$65,(_xlpm.r>_xlpm.top)*(_xlpm.r<_xlpm.bot)))*EA$72*INDEX(DR:DR,_xlpm.top)/DR$72,0),0)))} -> 0 | EK13: {=_xlfn.LET(_xlpm.r,ROW($A$6:$A$65), _xlpm.i,ROW(), _xlpm.top,MAX(_xlfn._xlws.FILTER(_xlpm.r,($A$6:$A$65<>"x")*(_xlpm.r<=_xlpm.i))), _xlpm.tmp,MIN(_xlfn._xlws.FILTER(_xlpm.r,($A$6:$A$65<>"x")*(_xlpm.r>=_xlpm.i))), _xlpm.bot,IF(ISERROR(_xlpm.tmp),MAX(_xlpm.r),_xlpm.tmp), IF(_xlpm.bot=_xlpm.top,0,IF(DS$72,IF(SUM(_xlfn._xlws.FILTER(EB$6:EB$65,(_xlpm.r>_xlpm.top)*(_xlpm.r<_xlpm.bot))),1/SUM(_xlfn._xlws.FILTER(EB$6:EB$65,(_xlpm.r>_xlpm.top)*(_xlpm.r<_xlpm.bot)))*EB$72*INDEX(DS:DS,_xlpm.top)/DS$72,0),0)))} -> 0 | EL13: {=_xlfn.LET(_xlpm.r,ROW($A$6:$A$65), _xlpm.i,ROW(), _xlpm.top,MAX(_xlfn._xlws.FILTER(_xlpm.r,($A$6:$A$65<>"x")*(_xlpm.r<=_xlpm.i))), _xlpm.tmp,MIN(_xlfn._xlws.FILTER(_xlpm.r,($A$6:$A$65<>"x")*(_xlpm.r>=_xlpm.i))), _xlpm.bot,IF(ISERROR(_xlpm.tmp),MAX(_xlpm.r),_xlpm.tmp), IF(_xlpm.bot=_xlpm.top,0,IF(DT$72,IF(SUM(_xlfn._xlws.FILTER(EC$6:EC$65,(_xlpm.r>_xlpm.top)*(_xlpm.r<_xlpm.bot))),1/SUM(_xlfn._xlws.FILTER(EC$6:EC$65,(_xlpm.r>_xlpm.top)*(_xlpm.r<_xlpm.bot)))*EC$72*INDEX(DT:DT,_xlpm.top)/DT$72,0),0)))} -> 0 | EM13: {=_xlfn.LET(_xlpm.r,ROW($A$6:$A$65), _xlpm.i,ROW(), _xlpm.top,MAX(_xlfn._xlws.FILTER(_xlpm.r,($A$6:$A$65<>"x")*(_xlpm.r<=_xlpm.i))), _xlpm.tmp,MIN(_xlfn._xlws.FILTER(_xlpm.r,($A$6:$A$65<>"x")*(_xlpm.r>=_xlpm.i))), _xlpm.bot,IF(ISERROR(_xlpm.tmp),MAX(_xlpm.r),_xlpm.tmp), IF(_xlpm.bot=_xlpm.top,0,IF(DU$72,IF(SUM(_xlfn._xlws.FILTER(ED$6:ED$65,(_xlpm.r>_xlpm.top)*(_xlpm.r<_xlpm.bot))),1/SUM(_xlfn._xlws.FILTER(ED$6:ED$65,(_xlpm.r>_xlpm.top)*(_xlpm.r<_xlpm.bot)))*ED$72*INDEX(DU:DU,_xlpm.top)/DU$72,0),0)))} -> 0 | EN13: {=_xlfn.LET(_xlpm.r,ROW($A$6:$A$65), _xlpm.i,ROW(), _xlpm.top,MAX(_xlfn._xlws.FILTER(_xlpm.r,($A$6:$A$65<>"x")*(_xlpm.r<=_xlpm.i))), _xlpm.tmp,MIN(_xlfn._xlws.FILTER(_xlpm.r,($A$6:$A$65<>"x")*(_xlpm.r>=_xlpm.i))), _xlpm.bot,IF(ISERROR(_xlpm.tmp),MAX(_xlpm.r),_xlpm.tmp), IF(_xlpm.bot=_xlpm.top,0,IF(DV$72,IF(SUM(_xlfn._xlws.FILTER(EE$6:EE$65,(_xlpm.r>_xlpm.top)*(_xlpm.r<_xlpm.bot))),1/SUM(_xlfn._xlws.FILTER(EE$6:EE$65,(_xlpm.r>_xlpm.top)*(_xlpm.r<_xlpm.bot)))*EE$72*INDEX(DV:DV,_xlpm.top)/DV$72,0),0)))} -> 0 | EQ13: =$C13 -> 8 | ER13: =IF($A13<>"x",$P13*SUMIFS($AF13:$DK13,$AF$4:$DK$4,Jahresscheiben!C$2),0) -> 0 | ES13: =IF($A13<>"x",$P13*SUMIFS($AF13:$DK13,$AF$4:$DK$4,Jahresscheiben!D$2),0) -> 0 | ET13: =IF($A13<>"x",$P13*SUMIFS($AF13:$DK13,$AF$4:$DK$4,Jahresscheiben!E$2),0) -> 0 | EU13: =IF($A13<>"x",$P13*SUMIFS($AF13:$DK13,$AF$4:$DK$4,Jahresscheiben!F$2),0) -> 0 | EV13: =IF($A13<>"x",$P13*SUMIFS($AF13:$DK13,$AF$4:$DK$4,Jahresscheiben!G$2),0) -> 0 | EW13: =IF($A13<>"x",$P13*SUMIFS($AF13:$DK13,$AF$4:$DK$4,Jahresscheiben!H$2),0) -> 0 | EX13: =IF($A13<>"x",$P13*SUMIFS($AF13:$DK13,$AF$4:$DK$4,Jahresscheiben!I$2),0) -> 0 | EZ13: =$C13 -> 8 | FA13: =IF($A13="x",$P13*SUMIFS($AF13:$DK13,$AF$4:$DK$4,Jahresscheiben!C$2)/2,0) -> 35 | FB13: =IF($A13="x",$P13*SUMIFS($AF13:$DK13,$AF$4:$DK$4,Jahresscheiben!D$2)/2,0) -> 0 | FC13: =IF($A13="x",$P13*SUMIFS($AF13:$DK13,$AF$4:$DK$4,Jahresscheiben!E$2)/2,0) -> 0 | FD13: =IF($A13="x",$P13*SUMIFS($AF13:$DK13,$AF$4:$DK$4,Jahresscheiben!F$2)/2,0) -> 0 | FE13: =IF($A13="x",$P13*SUMIFS($AF13:$DK13,$AF$4:$DK$4,Jahresscheiben!G$2)/2,0) -> 0 | FF13: =IF($A13="x",$P13*SUMIFS($AF13:$DK13,$AF$4:$DK$4,Jahresscheiben!H$2)/2,0) -> 0 | FG13: =IF($A13="x",$P13*SUMIFS($AF13:$DK13,$AF$4:$DK$4,Jahresscheiben!I$2)/2,0) -> 0 | FI13: =$C13 -> 8 | FJ13: {=_xlfn.LET(_xlpm.r,ROW($A$6:$A$65), _xlpm.i,ROW(), _xlpm.top,MAX(_xlfn._xlws.FILTER(_xlpm.r,($A$6:$A$65<>"x")*(_xlpm.r<=_xlpm.i))), _xlpm.tmp,MIN(_xlfn._xlws.FILTER(_xlpm.r,($A$6:$A$65<>"x")*(_xlpm.r>=_xlpm.i))), _xlpm.bot,IF(ISERROR(_xlpm.tmp),MAX(_xlpm.r),_xlpm.tmp), IF(_xlpm.bot=_xlpm.top,0,IF(ER$72,IF(SUM(_xlfn._xlws.FILTER(FA$6:FA$65,(_xlpm.r>_xlpm.top)*(_xlpm.r<_xlpm.bot))),1/SUM(_xlfn._xlws.FILTER(FA$6:FA$65,(_xlpm.r>_xlpm.top)*(_xlpm.r<_xlpm.bot)))*FA$72*INDEX(ER:ER,_xlpm.top)/ER$72,0),0)))} -> 1.0681859 | FK13: {=_xlfn.LET(_xlpm.r,ROW($A$6:$A$65), _xlpm.i,ROW(), _xlpm.top,MAX(_xlfn._xlws.FILTER(_xlpm.r,($A$6:$A$65<>"x")*(_xlpm.r<=_xlpm.i))), _xlpm.tmp,MIN(_xlfn._xlws.FILTER(_xlpm.r,($A$6:$A$65<>"x")*(_xlpm.r>=_xlpm.i))), _xlpm.bot,IF(ISERROR(_xlpm.tmp),MAX(_xlpm.r),_xlpm.tmp), IF(_xlpm.bot=_xlpm.top,0,IF(ES$72,IF(SUM(_xlfn._xlws.FILTER(FB$6:FB$65,(_xlpm.r>_xlpm.top)*(_xlpm.r<_xlpm.bot))),1/SUM(_xlfn._xlws.FILTER(FB$6:FB$65,(_xlpm.r>_xlpm.top)*(_xlpm.r<_xlpm.bot)))*FB$72*INDEX(ES:ES,_xlpm.top)/ES$72,0),0)))} -> 0 | FL13: {=_xlfn.LET(_xlpm.r,ROW($A$6:$A$65), _xlpm.i,ROW(), _xlpm.top,MAX(_xlfn._xlws.FILTER(_xlpm.r,($A$6:$A$65<>"x")*(_xlpm.r<=_xlpm.i))), _xlpm.tmp,MIN(_xlfn._xlws.FILTER(_xlpm.r,($A$6:$A$65<>"x")*(_xlpm.r>=_xlpm.i))), _xlpm.bot,IF(ISERROR(_xlpm.tmp),MAX(_xlpm.r),_xlpm.tmp), IF(_xlpm.bot=_xlpm.top,0,IF(ET$72,IF(SUM(_xlfn._xlws.FILTER(FC$6:FC$65,(_xlpm.r>_xlpm.top)*(_xlpm.r<_xlpm.bot))),1/SUM(_xlfn._xlws.FILTER(FC$6:FC$65,(_xlpm.r>_xlpm.top)*(_xlpm.r<_xlpm.bot)))*FC$72*INDEX(ET:ET,_xlpm.top)/ET$72,0),0)))} -> 0 | FM13: {=_xlfn.LET(_xlpm.r,ROW($A$6:$A$65), _xlpm.i,ROW(), _xlpm.top,MAX(_xlfn._xlws.FILTER(_xlpm.r,($A$6:$A$65<>"x")*(_xlpm.r<=_xlpm.i))), _xlpm.tmp,MIN(_xlfn._xlws.FILTER(_xlpm.r,($A$6:$A$65<>"x")*(_xlpm.r>=_xlpm.i))), _xlpm.bot,IF(ISERROR(_xlpm.tmp),MAX(_xlpm.r),_xlpm.tmp), IF(_xlpm.bot=_xlpm.top,0,IF(EU$72,IF(SUM(_xlfn._xlws.FILTER(FD$6:FD$65,(_xlpm.r>_xlpm.top)*(_xlpm.r<_xlpm.bot))),1/SUM(_xlfn._xlws.FILTER(FD$6:FD$65,(_xlpm.r>_xlpm.top)*(_xlpm.r<_xlpm.bot)))*FD$72*INDEX(EU:EU,_xlpm.top)/EU$72,0),0)))} -> 0 | FN13: {=_xlfn.LET(_xlpm.r,ROW($A$6:$A$65), _xlpm.i,ROW(), _xlpm.top,MAX(_xlfn._xlws.FILTER(_xlpm.r,($A$6:$A$65<>"x")*(_xlpm.r<=_xlpm.i))), _xlpm.tmp,MIN(_xlfn._xlws.FILTER(_xlpm.r,($A$6:$A$65<>"x")*(_xlpm.r>=_xlpm.i))), _xlpm.bot,IF(ISERROR(_xlpm.tmp),MAX(_xlpm.r),_xlpm.tmp), IF(_xlpm.bot=_xlpm.top,0,IF(EV$72,IF(SUM(_xlfn._xlws.FILTER(FE$6:FE$65,(_xlpm.r>_xlpm.top)*(_xlpm.r<_xlpm.bot))),1/SUM(_xlfn._xlws.FILTER(FE$6:FE$65,(_xlpm.r>_xlpm.top)*(_xlpm.r<_xlpm.bot)))*FE$72*INDEX(EV:EV,_xlpm.top)/EV$72,0),0)))} -> 0 | FO13: {=_xlfn.LET(_xlpm.r,ROW($A$6:$A$65), _xlpm.i,ROW(), _xlpm.top,MAX(_xlfn._xlws.FILTER(_xlpm.r,($A$6:$A$65<>"x")*(_xlpm.r<=_xlpm.i))), _xlpm.tmp,MIN(_xlfn._xlws.FILTER(_xlpm.r,($A$6:$A$65<>"x")*(_xlpm.r>=_xlpm.i))), _xlpm.bot,IF(ISERROR(_xlpm.tmp),MAX(_xlpm.r),_xlpm.tmp), IF(_xlpm.bot=_xlpm.top,0,IF(EW$72,IF(SUM(_xlfn._xlws.FILTER(FF$6:FF$65,(_xlpm.r>_xlpm.top)*(_xlpm.r<_xlpm.bot))),1/SUM(_xlfn._xlws.FILTER(FF$6:FF$65,(_xlpm.r>_xlpm.top)*(_xlpm.r<_xlpm.bot)))*FF$72*INDEX(EW:EW,_xlpm.top)/EW$72,0),0)))} -> 0 | FP13: {=_xlfn.LET(_xlpm.r,ROW($A$6:$A$65), _xlpm.i,ROW(), _xlpm.top,MAX(_xlfn._xlws.FILTER(_xlpm.r,($A$6:$A$65<>"x")*(_xlpm.r<=_xlpm.i))), _xlpm.tmp,MIN(_xlfn._xlws.FILTER(_xlpm.r,($A$6:$A$65<>"x")*(_xlpm.r>=_xlpm.i))), _xlpm.bot,IF(ISERROR(_xlpm.tmp),MAX(_xlpm.r),_xlpm.tmp), IF(_xlpm.bot=_xlpm.top,0,IF(EX$72,IF(SUM(_xlfn._xlws.FILTER(FG$6:FG$65,(_xlpm.r>_xlpm.top)*(_xlpm.r<_xlpm.bot))),1/SUM(_xlfn._xlws.FILTER(FG$6:FG$65,(_xlpm.r>_xlpm.top)*(_xlpm.r<_xlpm.bot)))*FG$72*INDEX(EX:EX,_xlpm.top)/EX$72,0),0)))} -> 0
A14: x | B14: =LEN(D14) -> 141 | C14: =ROW()-5 -> 9 | D14: 2.3 Training, Quantisierung und Edge-Ausführung von Erkennungsmodellen mit Messung von Genauigkeit, Latenz und Energieaufnahme (Benchmarking) | F14: 7 | G14: 11 | I14: =IF(F14=0,"",EOMONTH(Project_Start,F14-1)) -> 46234 | J14: =IF(G14=0,"",EOMONTH(Project_Start,G14-1)) -> 46356 | L14: 9 | M14: {=_xlfn.LET( _xlpm.Z, _xlfn._xlws.FILTER($DY$6:$EE$65,$DX$6:$DX$65=C14), _xlpm.Q,_xlfn._xlws.FILTER($DP$6:$DV$65,$DO$6:$DO$65=C14), IF($A14="x",SUMPRODUCT(_xlpm.Z,$DY$73:$EE$73,EH14:EN14),SUMPRODUCT(_xlpm.Q,$DP$73:$DV$73)))} -> 0 | N14: {=_xlfn.LET( _xlpm.Z, SUM(IF($A14="x",_xlfn._xlws.FILTER($M$6:$M$65,$A$6:$A$65="x"),_xlfn._xlws.FILTER($M$6:$M$65,$A$6:$A$65<>"x"))), IF(_xlpm.Z<>0,M14/_xlpm.Z,""))} | P14: =L14 -> 9 | Q14: {=_xlfn.LET( _xlpm.Z, _xlfn._xlws.FILTER($FA$6:$FG$65,$EZ$6:$EZ$65=C14), _xlpm.Q,_xlfn._xlws.FILTER($ER$6:$EX$65,$EQ$6:$EQ$65=C14), IF($A14="x",SUMPRODUCT(_xlpm.Z,$FA$73:$FG$73,FJ14:FP14),SUMPRODUCT(_xlpm.Q,$ER$73:$EX$73)))} -> 0 | R14: {=_xlfn.LET( _xlpm.Z, SUM(IF($A14="x",_xlfn._xlws.FILTER($Q$6:$Q$65,$A$6:$A$65="x"),_xlfn._xlws.FILTER($Q$6:$Q$65,$A$6:$A$65<>"x"))), IF(_xlpm.Z<>0,Q14/_xlpm.Z,""))} | AF14: =_xlfn.LET( _xlpm.project_monat,AF$3, _xlpm.start_monat,$F14, _xlpm.ende_monat,$G14, IF(AND(_xlpm.project_monat>=_xlpm.start_monat,_xlpm.project_monat<=_xlpm.ende_monat),IF($A14="x",2,1),"")) | AG14: =_xlfn.LET( _xlpm.project_monat,AG$3, _xlpm.start_monat,$F14, _xlpm.ende_monat,$G14, IF(AND(_xlpm.project_monat>=_xlpm.start_monat,_xlpm.project_monat<=_xlpm.ende_monat),IF($A14="x",2,1),"")) | AH14: =_xlfn.LET( _xlpm.project_monat,AH$3, _xlpm.start_monat,$F14, _xlpm.ende_monat,$G14, IF(AND(_xlpm.project_monat>=_xlpm.start_monat,_xlpm.project_monat<=_xlpm.ende_monat),IF($A14="x",2,1),"")) | AI14: =_xlfn.LET( _xlpm.project_monat,AI$3, _xlpm.start_monat,$F14, _xlpm.ende_monat,$G14, IF(AND(_xlpm.project_monat>=_xlpm.start_monat,_xlpm.project_monat<=_xlpm.ende_monat),IF($A14="x",2,1),"")) | AJ14: =_xlfn.LET( _xlpm.project_monat,AJ$3, _xlpm.start_monat,$F14, _xlpm.ende_monat,$G14, IF(AND(_xlpm.project_monat>=_xlpm.start_monat,_xlpm.project_monat<=_xlpm.ende_monat),IF($A14="x",2,1),"")) | AK14: =_xlfn.LET( _xlpm.project_monat,AK$3, _xlpm.start_monat,$F14, _xlpm.ende_monat,$G14, IF(AND(_xlpm.project_monat>=_xlpm.start_monat,_xlpm.project_monat<=_xlpm.ende_monat),IF($A14="x",2,1),"")) | AL14: =_xlfn.LET( _xlpm.project_monat,AL$3, _xlpm.start_monat,$F14, _xlpm.ende_monat,$G14, IF(AND(_xlpm.project_monat>=_xlpm.start_monat,_xlpm.project_monat<=_xlpm.ende_monat),IF($A14="x",2,1),"")) -> 2 | AM14: =_xlfn.LET( _xlpm.project_monat,AM$3, _xlpm.start_monat,$F14, _xlpm.ende_monat,$G14, IF(AND(_xlpm.project_monat>=_xlpm.start_monat,_xlpm.project_monat<=_xlpm.ende_monat),IF($A14="x",2,1),"")) -> 2 | ... DK14: =_xlfn.LET( _xlpm.project_monat,DK$3, _xlpm.start_monat,$F14, _xlpm.ende_monat,$G14, IF(AND(_xlpm.project_monat>=_xlpm.start_monat,_xlpm.project_monat<=_xlpm.ende_monat),IF($A14="x",2,1),"")) | DO14: =$C14 -> 9 | DP14: =IF($A14<>"x",$L14*SUMIFS($AF14:$DK14,$AF$4:$DK$4,Jahresscheiben!C$2),0) -> 0 | DQ14: =IF($A14<>"x",$L14*SUMIFS($AF14:$DK14,$AF$4:$DK$4,Jahresscheiben!D$2),0) -> 0 | DR14: =IF($A14<>"x",$L14*SUMIFS($AF14:$DK14,$AF$4:$DK$4,Jahresscheiben!E$2),0) -> 0 | DS14: =IF($A14<>"x",$L14*SUMIFS($AF14:$DK14,$AF$4:$DK$4,Jahresscheiben!F$2),0) -> 0 | DT14: =IF($A14<>"x",$L14*SUMIFS($AF14:$DK14,$AF$4:$DK$4,Jahresscheiben!G$2),0) -> 0 | DU14: =IF($A14<>"x",$L14*SUMIFS($AF14:$DK14,$AF$4:$DK$4,Jahresscheiben!H$2),0) -> 0 | DV14: =IF($A14<>"x",$L14*SUMIFS($AF14:$DK14,$AF$4:$DK$4,Jahresscheiben!I$2),0) -> 0 | DX14: =$C14 -> 9 | DY14: =IF($A14="x",$L14*SUMIFS($AF14:$DK14,$AF$4:$DK$4,Jahresscheiben!C$2)/2,0) -> 45 | DZ14: =IF($A14="x",$L14*SUMIFS($AF14:$DK14,$AF$4:$DK$4,Jahresscheiben!D$2)/2,0) -> 0 | EA14: =IF($A14="x",$L14*SUMIFS($AF14:$DK14,$AF$4:$DK$4,Jahresscheiben!E$2)/2,0) -> 0 | EB14: =IF($A14="x",$L14*SUMIFS($AF14:$DK14,$AF$4:$DK$4,Jahresscheiben!F$2)/2,0) -> 0 | EC14: =IF($A14="x",$L14*SUMIFS($AF14:$DK14,$AF$4:$DK$4,Jahresscheiben!G$2)/2,0) -> 0 | ED14: =IF($A14="x",$L14*SUMIFS($AF14:$DK14,$AF$4:$DK$4,Jahresscheiben!H$2)/2,0) -> 0 | EE14: =IF($A14="x",$L14*SUMIFS($AF14:$DK14,$AF$4:$DK$4,Jahresscheiben!I$2)/2,0) -> 0 | EG14: =$C14 -> 9 | EH14: {=_xlfn.LET(_xlpm.r,ROW($A$6:$A$65), _xlpm.i,ROW(), _xlpm.top,MAX(_xlfn._xlws.FILTER(_xlpm.r,($A$6:$A$65<>"x")*(_xlpm.r<=_xlpm.i))), _xlpm.tmp,MIN(_xlfn._xlws.FILTER(_xlpm.r,($A$6:$A$65<>"x")*(_xlpm.r>=_xlpm.i))), _xlpm.bot,IF(ISERROR(_xlpm.tmp),MAX(_xlpm.r),_xlpm.tmp), IF(_xlpm.bot=_xlpm.top,0,IF(DP$72,IF(SUM(_xlfn._xlws.FILTER(DY$6:DY$65,(_xlpm.r>_xlpm.top)*(_xlpm.r<_xlpm.bot))),1/SUM(_xlfn._xlws.FILTER(DY$6:DY$65,(_xlpm.r>_xlpm.top)*(_xlpm.r<_xlpm.bot)))*DY$72*INDEX(DP:DP,_xlpm.top)/DP$72,0),0)))} -> 1.0681859 | EI14: {=_xlfn.LET(_xlpm.r,ROW($A$6:$A$65), _xlpm.i,ROW(), _xlpm.top,MAX(_xlfn._xlws.FILTER(_xlpm.r,($A$6:$A$65<>"x")*(_xlpm.r<=_xlpm.i))), _xlpm.tmp,MIN(_xlfn._xlws.FILTER(_xlpm.r,($A$6:$A$65<>"x")*(_xlpm.r>=_xlpm.i))), _xlpm.bot,IF(ISERROR(_xlpm.tmp),MAX(_xlpm.r),_xlpm.tmp), IF(_xlpm.bot=_xlpm.top,0,IF(DQ$72,IF(SUM(_xlfn._xlws.FILTER(DZ$6:DZ$65,(_xlpm.r>_xlpm.top)*(_xlpm.r<_xlpm.bot))),1/SUM(_xlfn._xlws.FILTER(DZ$6:DZ$65,(_xlpm.r>_xlpm.top)*(_xlpm.r<_xlpm.bot)))*DZ$72*INDEX(DQ:DQ,_xlpm.top)/DQ$72,0),0)))} -> 0 | EJ14: {=_xlfn.LET(_xlpm.r,ROW($A$6:$A$65), _xlpm.i,ROW(), _xlpm.top,MAX(_xlfn._xlws.FILTER(_xlpm.r,($A$6:$A$65<>"x")*(_xlpm.r<=_xlpm.i))), _xlpm.tmp,MIN(_xlfn._xlws.FILTER(_xlpm.r,($A$6:$A$65<>"x")*(_xlpm.r>=_xlpm.i))), _xlpm.bot,IF(ISERROR(_xlpm.tmp),MAX(_xlpm.r),_xlpm.tmp), IF(_xlpm.bot=_xlpm.top,0,IF(DR$72,IF(SUM(_xlfn._xlws.FILTER(EA$6:EA$65,(_xlpm.r>_xlpm.top)*(_xlpm.r<_xlpm.bot))),1/SUM(_xlfn._xlws.FILTER(EA$6:EA$65,(_xlpm.r>_xlpm.top)*(_xlpm.r<_xlpm.bot)))*EA$72*INDEX(DR:DR,_xlpm.top)/DR$72,0),0)))} -> 0 | EK14: {=_xlfn.LET(_xlpm.r,ROW($A$6:$A$65), _xlpm.i,ROW(), _xlpm.top,MAX(_xlfn._xlws.FILTER(_xlpm.r,($A$6:$A$65<>"x")*(_xlpm.r<=_xlpm.i))), _xlpm.tmp,MIN(_xlfn._xlws.FILTER(_xlpm.r,($A$6:$A$65<>"x")*(_xlpm.r>=_xlpm.i))), _xlpm.bot,IF(ISERROR(_xlpm.tmp),MAX(_xlpm.r),_xlpm.tmp), IF(_xlpm.bot=_xlpm.top,0,IF(DS$72,IF(SUM(_xlfn._xlws.FILTER(EB$6:EB$65,(_xlpm.r>_xlpm.top)*(_xlpm.r<_xlpm.bot))),1/SUM(_xlfn._xlws.FILTER(EB$6:EB$65,(_xlpm.r>_xlpm.top)*(_xlpm.r<_xlpm.bot)))*EB$72*INDEX(DS:DS,_xlpm.top)/DS$72,0),0)))} -> 0 | EL14: {=_xlfn.LET(_xlpm.r,ROW($A$6:$A$65), _xlpm.i,ROW(), _xlpm.top,MAX(_xlfn._xlws.FILTER(_xlpm.r,($A$6:$A$65<>"x")*(_xlpm.r<=_xlpm.i))), _xlpm.tmp,MIN(_xlfn._xlws.FILTER(_xlpm.r,($A$6:$A$65<>"x")*(_xlpm.r>=_xlpm.i))), _xlpm.bot,IF(ISERROR(_xlpm.tmp),MAX(_xlpm.r),_xlpm.tmp), IF(_xlpm.bot=_xlpm.top,0,IF(DT$72,IF(SUM(_xlfn._xlws.FILTER(EC$6:EC$65,(_xlpm.r>_xlpm.top)*(_xlpm.r<_xlpm.bot))),1/SUM(_xlfn._xlws.FILTER(EC$6:EC$65,(_xlpm.r>_xlpm.top)*(_xlpm.r<_xlpm.bot)))*EC$72*INDEX(DT:DT,_xlpm.top)/DT$72,0),0)))} -> 0 | EM14: {=_xlfn.LET(_xlpm.r,ROW($A$6:$A$65), _xlpm.i,ROW(), _xlpm.top,MAX(_xlfn._xlws.FILTER(_xlpm.r,($A$6:$A$65<>"x")*(_xlpm.r<=_xlpm.i))), _xlpm.tmp,MIN(_xlfn._xlws.FILTER(_xlpm.r,($A$6:$A$65<>"x")*(_xlpm.r>=_xlpm.i))), _xlpm.bot,IF(ISERROR(_xlpm.tmp),MAX(_xlpm.r),_xlpm.tmp), IF(_xlpm.bot=_xlpm.top,0,IF(DU$72,IF(SUM(_xlfn._xlws.FILTER(ED$6:ED$65,(_xlpm.r>_xlpm.top)*(_xlpm.r<_xlpm.bot))),1/SUM(_xlfn._xlws.FILTER(ED$6:ED$65,(_xlpm.r>_xlpm.top)*(_xlpm.r<_xlpm.bot)))*ED$72*INDEX(DU:DU,_xlpm.top)/DU$72,0),0)))} -> 0 | EN14: {=_xlfn.LET(_xlpm.r,ROW($A$6:$A$65), _xlpm.i,ROW(), _xlpm.top,MAX(_xlfn._xlws.FILTER(_xlpm.r,($A$6:$A$65<>"x")*(_xlpm.r<=_xlpm.i))), _xlpm.tmp,MIN(_xlfn._xlws.FILTER(_xlpm.r,($A$6:$A$65<>"x")*(_xlpm.r>=_xlpm.i))), _xlpm.bot,IF(ISERROR(_xlpm.tmp),MAX(_xlpm.r),_xlpm.tmp), IF(_xlpm.bot=_xlpm.top,0,IF(DV$72,IF(SUM(_xlfn._xlws.FILTER(EE$6:EE$65,(_xlpm.r>_xlpm.top)*(_xlpm.r<_xlpm.bot))),1/SUM(_xlfn._xlws.FILTER(EE$6:EE$65,(_xlpm.r>_xlpm.top)*(_xlpm.r<_xlpm.bot)))*EE$72*INDEX(DV:DV,_xlpm.top)/DV$72,0),0)))} -> 0 | EQ14: =$C14 -> 9 | ER14: =IF($A14<>"x",$P14*SUMIFS($AF14:$DK14,$AF$4:$DK$4,Jahresscheiben!C$2),0) -> 0 | ES14: =IF($A14<>"x",$P14*SUMIFS($AF14:$DK14,$AF$4:$DK$4,Jahresscheiben!D$2),0) -> 0 | ET14: =IF($A14<>"x",$P14*SUMIFS($AF14:$DK14,$AF$4:$DK$4,Jahresscheiben!E$2),0) -> 0 | EU14: =IF($A14<>"x",$P14*SUMIFS($AF14:$DK14,$AF$4:$DK$4,Jahresscheiben!F$2),0) -> 0 | EV14: =IF($A14<>"x",$P14*SUMIFS($AF14:$DK14,$AF$4:$DK$4,Jahresscheiben!G$2),0) -> 0 | EW14: =IF($A14<>"x",$P14*SUMIFS($AF14:$DK14,$AF$4:$DK$4,Jahresscheiben!H$2),0) -> 0 | EX14: =IF($A14<>"x",$P14*SUMIFS($AF14:$DK14,$AF$4:$DK$4,Jahresscheiben!I$2),0) -> 0 | EZ14: =$C14 -> 9 | FA14: =IF($A14="x",$P14*SUMIFS($AF14:$DK14,$AF$4:$DK$4,Jahresscheiben!C$2)/2,0) -> 45 | FB14: =IF($A14="x",$P14*SUMIFS($AF14:$DK14,$AF$4:$DK$4,Jahresscheiben!D$2)/2,0) -> 0 | FC14: =IF($A14="x",$P14*SUMIFS($AF14:$DK14,$AF$4:$DK$4,Jahresscheiben!E$2)/2,0) -> 0 | FD14: =IF($A14="x",$P14*SUMIFS($AF14:$DK14,$AF$4:$DK$4,Jahresscheiben!F$2)/2,0) -> 0 | FE14: =IF($A14="x",$P14*SUMIFS($AF14:$DK14,$AF$4:$DK$4,Jahresscheiben!G$2)/2,0) -> 0 | FF14: =IF($A14="x",$P14*SUMIFS($AF14:$DK14,$AF$4:$DK$4,Jahresscheiben!H$2)/2,0) -> 0 | FG14: =IF($A14="x",$P14*SUMIFS($AF14:$DK14,$AF$4:$DK$4,Jahresscheiben!I$2)/2,0) -> 0 | FI14: =$C14 -> 9 | FJ14: {=_xlfn.LET(_xlpm.r,ROW($A$6:$A$65), _xlpm.i,ROW(), _xlpm.top,MAX(_xlfn._xlws.FILTER(_xlpm.r,($A$6:$A$65<>"x")*(_xlpm.r<=_xlpm.i))), _xlpm.tmp,MIN(_xlfn._xlws.FILTER(_xlpm.r,($A$6:$A$65<>"x")*(_xlpm.r>=_xlpm.i))), _xlpm.bot,IF(ISERROR(_xlpm.tmp),MAX(_xlpm.r),_xlpm.tmp), IF(_xlpm.bot=_xlpm.top,0,IF(ER$72,IF(SUM(_xlfn._xlws.FILTER(FA$6:FA$65,(_xlpm.r>_xlpm.top)*(_xlpm.r<_xlpm.bot))),1/SUM(_xlfn._xlws.FILTER(FA$6:FA$65,(_xlpm.r>_xlpm.top)*(_xlpm.r<_xlpm.bot)))*FA$72*INDEX(ER:ER,_xlpm.top)/ER$72,0),0)))} -> 1.0681859 | FK14: {=_xlfn.LET(_xlpm.r,ROW($A$6:$A$65), _xlpm.i,ROW(), _xlpm.top,MAX(_xlfn._xlws.FILTER(_xlpm.r,($A$6:$A$65<>"x")*(_xlpm.r<=_xlpm.i))), _xlpm.tmp,MIN(_xlfn._xlws.FILTER(_xlpm.r,($A$6:$A$65<>"x")*(_xlpm.r>=_xlpm.i))), _xlpm.bot,IF(ISERROR(_xlpm.tmp),MAX(_xlpm.r),_xlpm.tmp), IF(_xlpm.bot=_xlpm.top,0,IF(ES$72,IF(SUM(_xlfn._xlws.FILTER(FB$6:FB$65,(_xlpm.r>_xlpm.top)*(_xlpm.r<_xlpm.bot))),1/SUM(_xlfn._xlws.FILTER(FB$6:FB$65,(_xlpm.r>_xlpm.top)*(_xlpm.r<_xlpm.bot)))*FB$72*INDEX(ES:ES,_xlpm.top)/ES$72,0),0)))} -> 0 | FL14: {=_xlfn.LET(_xlpm.r,ROW($A$6:$A$65), _xlpm.i,ROW(), _xlpm.top,MAX(_xlfn._xlws.FILTER(_xlpm.r,($A$6:$A$65<>"x")*(_xlpm.r<=_xlpm.i))), _xlpm.tmp,MIN(_xlfn._xlws.FILTER(_xlpm.r,($A$6:$A$65<>"x")*(_xlpm.r>=_xlpm.i))), _xlpm.bot,IF(ISERROR(_xlpm.tmp),MAX(_xlpm.r),_xlpm.tmp), IF(_xlpm.bot=_xlpm.top,0,IF(ET$72,IF(SUM(_xlfn._xlws.FILTER(FC$6:FC$65,(_xlpm.r>_xlpm.top)*(_xlpm.r<_xlpm.bot))),1/SUM(_xlfn._xlws.FILTER(FC$6:FC$65,(_xlpm.r>_xlpm.top)*(_xlpm.r<_xlpm.bot)))*FC$72*INDEX(ET:ET,_xlpm.top)/ET$72,0),0)))} -> 0 | FM14: {=_xlfn.LET(_xlpm.r,ROW($A$6:$A$65), _xlpm.i,ROW(), _xlpm.top,MAX(_xlfn._xlws.FILTER(_xlpm.r,($A$6:$A$65<>"x")*(_xlpm.r<=_xlpm.i))), _xlpm.tmp,MIN(_xlfn._xlws.FILTER(_xlpm.r,($A$6:$A$65<>"x")*(_xlpm.r>=_xlpm.i))), _xlpm.bot,IF(ISERROR(_xlpm.tmp),MAX(_xlpm.r),_xlpm.tmp), IF(_xlpm.bot=_xlpm.top,0,IF(EU$72,IF(SUM(_xlfn._xlws.FILTER(FD$6:FD$65,(_xlpm.r>_xlpm.top)*(_xlpm.r<_xlpm.bot))),1/SUM(_xlfn._xlws.FILTER(FD$6:FD$65,(_xlpm.r>_xlpm.top)*(_xlpm.r<_xlpm.bot)))*FD$72*INDEX(EU:EU,_xlpm.top)/EU$72,0),0)))} -> 0 | FN14: {=_xlfn.LET(_xlpm.r,ROW($A$6:$A$65), _xlpm.i,ROW(), _xlpm.top,MAX(_xlfn._xlws.FILTER(_xlpm.r,($A$6:$A$65<>"x")*(_xlpm.r<=_xlpm.i))), _xlpm.tmp,MIN(_xlfn._xlws.FILTER(_xlpm.r,($A$6:$A$65<>"x")*(_xlpm.r>=_xlpm.i))), _xlpm.bot,IF(ISERROR(_xlpm.tmp),MAX(_xlpm.r),_xlpm.tmp), IF(_xlpm.bot=_xlpm.top,0,IF(EV$72,IF(SUM(_xlfn._xlws.FILTER(FE$6:FE$65,(_xlpm.r>_xlpm.top)*(_xlpm.r<_xlpm.bot))),1/SUM(_xlfn._xlws.FILTER(FE$6:FE$65,(_xlpm.r>_xlpm.top)*(_xlpm.r<_xlpm.bot)))*FE$72*INDEX(EV:EV,_xlpm.top)/EV$72,0),0)))} -> 0 | FO14: {=_xlfn.LET(_xlpm.r,ROW($A$6:$A$65), _xlpm.i,ROW(), _xlpm.top,MAX(_xlfn._xlws.FILTER(_xlpm.r,($A$6:$A$65<>"x")*(_xlpm.r<=_xlpm.i))), _xlpm.tmp,MIN(_xlfn._xlws.FILTER(_xlpm.r,($A$6:$A$65<>"x")*(_xlpm.r>=_xlpm.i))), _xlpm.bot,IF(ISERROR(_xlpm.tmp),MAX(_xlpm.r),_xlpm.tmp), IF(_xlpm.bot=_xlpm.top,0,IF(EW$72,IF(SUM(_xlfn._xlws.FILTER(FF$6:FF$65,(_xlpm.r>_xlpm.top)*(_xlpm.r<_xlpm.bot))),1/SUM(_xlfn._xlws.FILTER(FF$6:FF$65,(_xlpm.r>_xlpm.top)*(_xlpm.r<_xlpm.bot)))*FF$72*INDEX(EW:EW,_xlpm.top)/EW$72,0),0)))} -> 0 | FP14: {=_xlfn.LET(_xlpm.r,ROW($A$6:$A$65), _xlpm.i,ROW(), _xlpm.top,MAX(_xlfn._xlws.FILTER(_xlpm.r,($A$6:$A$65<>"x")*(_xlpm.r<=_xlpm.i))), _xlpm.tmp,MIN(_xlfn._xlws.FILTER(_xlpm.r,($A$6:$A$65<>"x")*(_xlpm.r>=_xlpm.i))), _xlpm.bot,IF(ISERROR(_xlpm.tmp),MAX(_xlpm.r),_xlpm.tmp), IF(_xlpm.bot=_xlpm.top,0,IF(EX$72,IF(SUM(_xlfn._xlws.FILTER(FG$6:FG$65,(_xlpm.r>_xlpm.top)*(_xlpm.r<_xlpm.bot))),1/SUM(_xlfn._xlws.FILTER(FG$6:FG$65,(_xlpm.r>_xlpm.top)*(_xlpm.r<_xlpm.bot)))*FG$72*INDEX(EX:EX,_xlpm.top)/EX$72,0),0)))} -> 0
A15: x | B15: =LEN(D15) -> 146 | C15: =ROW()-5 -> 10 | D15: 2.4 Auswahl des Sensor-KI-Verbunds oder Variantenabbruch bei fehlender Verbesserung gegenüber der Kamerareferenz in Lichtklassen (Nutzwertanalyse) | F15: 10 | G15: 12 | I15: =IF(F15=0,"",EOMONTH(Project_Start,F15-1)) -> 46326 | J15: =IF(G15=0,"",EOMONTH(Project_Start,G15-1)) -> 46387 | L15: 5 | M15: {=_xlfn.LET( _xlpm.Z, _xlfn._xlws.FILTER($DY$6:$EE$65,$DX$6:$DX$65=C15), _xlpm.Q,_xlfn._xlws.FILTER($DP$6:$DV$65,$DO$6:$DO$65=C15), IF($A15="x",SUMPRODUCT(_xlpm.Z,$DY$73:$EE$73,EH15:EN15),SUMPRODUCT(_xlpm.Q,$DP$73:$DV$73)))} -> 0 | N15: {=_xlfn.LET( _xlpm.Z, SUM(IF($A15="x",_xlfn._xlws.FILTER($M$6:$M$65,$A$6:$A$65="x"),_xlfn._xlws.FILTER($M$6:$M$65,$A$6:$A$65<>"x"))), IF(_xlpm.Z<>0,M15/_xlpm.Z,""))} | P15: =L15 -> 5 | Q15: {=_xlfn.LET( _xlpm.Z, _xlfn._xlws.FILTER($FA$6:$FG$65,$EZ$6:$EZ$65=C15), _xlpm.Q,_xlfn._xlws.FILTER($ER$6:$EX$65,$EQ$6:$EQ$65=C15), IF($A15="x",SUMPRODUCT(_xlpm.Z,$FA$73:$FG$73,FJ15:FP15),SUMPRODUCT(_xlpm.Q,$ER$73:$EX$73)))} -> 0 | R15: {=_xlfn.LET( _xlpm.Z, SUM(IF($A15="x",_xlfn._xlws.FILTER($Q$6:$Q$65,$A$6:$A$65="x"),_xlfn._xlws.FILTER($Q$6:$Q$65,$A$6:$A$65<>"x"))), IF(_xlpm.Z<>0,Q15/_xlpm.Z,""))} | AF15: =_xlfn.LET( _xlpm.project_monat,AF$3, _xlpm.start_monat,$F15, _xlpm.ende_monat,$G15, IF(AND(_xlpm.project_monat>=_xlpm.start_monat,_xlpm.project_monat<=_xlpm.ende_monat),IF($A15="x",2,1),"")) | AG15: =_xlfn.LET( _xlpm.project_monat,AG$3, _xlpm.start_monat,$F15, _xlpm.ende_monat,$G15, IF(AND(_xlpm.project_monat>=_xlpm.start_monat,_xlpm.project_monat<=_xlpm.ende_monat),IF($A15="x",2,1),"")) | AH15: =_xlfn.LET( _xlpm.project_monat,AH$3, _xlpm.start_monat,$F15, _xlpm.ende_monat,$G15, IF(AND(_xlpm.project_monat>=_xlpm.start_monat,_xlpm.project_monat<=_xlpm.ende_monat),IF($A15="x",2,1),"")) | AI15: =_xlfn.LET( _xlpm.project_monat,AI$3, _xlpm.start_monat,$F15, _xlpm.ende_monat,$G15, IF(AND(_xlpm.project_monat>=_xlpm.start_monat,_xlpm.project_monat<=_xlpm.ende_monat),IF($A15="x",2,1),"")) | AJ15: =_xlfn.LET( _xlpm.project_monat,AJ$3, _xlpm.start_monat,$F15, _xlpm.ende_monat,$G15, IF(AND(_xlpm.project_monat>=_xlpm.start_monat,_xlpm.project_monat<=_xlpm.ende_monat),IF($A15="x",2,1),"")) | AK15: =_xlfn.LET( _xlpm.project_monat,AK$3, _xlpm.start_monat,$F15, _xlpm.ende_monat,$G15, IF(AND(_xlpm.project_monat>=_xlpm.start_monat,_xlpm.project_monat<=_xlpm.ende_monat),IF($A15="x",2,1),"")) | AL15: =_xlfn.LET( _xlpm.project_monat,AL$3, _xlpm.start_monat,$F15, _xlpm.ende_monat,$G15, IF(AND(_xlpm.project_monat>=_xlpm.start_monat,_xlpm.project_monat<=_xlpm.ende_monat),IF($A15="x",2,1),"")) | AM15: =_xlfn.LET( _xlpm.project_monat,AM$3, _xlpm.start_monat,$F15, _xlpm.ende_monat,$G15, IF(AND(_xlpm.project_monat>=_xlpm.start_monat,_xlpm.project_monat<=_xlpm.ende_monat),IF($A15="x",2,1),"")) | ... DK15: =_xlfn.LET( _xlpm.project_monat,DK$3, _xlpm.start_monat,$F15, _xlpm.ende_monat,$G15, IF(AND(_xlpm.project_monat>=_xlpm.start_monat,_xlpm.project_monat<=_xlpm.ende_monat),IF($A15="x",2,1),"")) | DO15: =$C15 -> 10 | DP15: =IF($A15<>"x",$L15*SUMIFS($AF15:$DK15,$AF$4:$DK$4,Jahresscheiben!C$2),0) -> 0 | DQ15: =IF($A15<>"x",$L15*SUMIFS($AF15:$DK15,$AF$4:$DK$4,Jahresscheiben!D$2),0) -> 0 | DR15: =IF($A15<>"x",$L15*SUMIFS($AF15:$DK15,$AF$4:$DK$4,Jahresscheiben!E$2),0) -> 0 | DS15: =IF($A15<>"x",$L15*SUMIFS($AF15:$DK15,$AF$4:$DK$4,Jahresscheiben!F$2),0) -> 0 | DT15: =IF($A15<>"x",$L15*SUMIFS($AF15:$DK15,$AF$4:$DK$4,Jahresscheiben!G$2),0) -> 0 | DU15: =IF($A15<>"x",$L15*SUMIFS($AF15:$DK15,$AF$4:$DK$4,Jahresscheiben!H$2),0) -> 0 | DV15: =IF($A15<>"x",$L15*SUMIFS($AF15:$DK15,$AF$4:$DK$4,Jahresscheiben!I$2),0) -> 0 | DX15: =$C15 -> 10 | DY15: =IF($A15="x",$L15*SUMIFS($AF15:$DK15,$AF$4:$DK$4,Jahresscheiben!C$2)/2,0) -> 15 | DZ15: =IF($A15="x",$L15*SUMIFS($AF15:$DK15,$AF$4:$DK$4,Jahresscheiben!D$2)/2,0) -> 0 | EA15: =IF($A15="x",$L15*SUMIFS($AF15:$DK15,$AF$4:$DK$4,Jahresscheiben!E$2)/2,0) -> 0 | EB15: =IF($A15="x",$L15*SUMIFS($AF15:$DK15,$AF$4:$DK$4,Jahresscheiben!F$2)/2,0) -> 0 | EC15: =IF($A15="x",$L15*SUMIFS($AF15:$DK15,$AF$4:$DK$4,Jahresscheiben!G$2)/2,0) -> 0 | ED15: =IF($A15="x",$L15*SUMIFS($AF15:$DK15,$AF$4:$DK$4,Jahresscheiben!H$2)/2,0) -> 0 | EE15: =IF($A15="x",$L15*SUMIFS($AF15:$DK15,$AF$4:$DK$4,Jahresscheiben!I$2)/2,0) -> 0 | EG15: =$C15 -> 10 | EH15: {=_xlfn.LET(_xlpm.r,ROW($A$6:$A$65), _xlpm.i,ROW(), _xlpm.top,MAX(_xlfn._xlws.FILTER(_xlpm.r,($A$6:$A$65<>"x")*(_xlpm.r<=_xlpm.i))), _xlpm.tmp,MIN(_xlfn._xlws.FILTER(_xlpm.r,($A$6:$A$65<>"x")*(_xlpm.r>=_xlpm.i))), _xlpm.bot,IF(ISERROR(_xlpm.tmp),MAX(_xlpm.r),_xlpm.tmp), IF(_xlpm.bot=_xlpm.top,0,IF(DP$72,IF(SUM(_xlfn._xlws.FILTER(DY$6:DY$65,(_xlpm.r>_xlpm.top)*(_xlpm.r<_xlpm.bot))),1/SUM(_xlfn._xlws.FILTER(DY$6:DY$65,(_xlpm.r>_xlpm.top)*(_xlpm.r<_xlpm.bot)))*DY$72*INDEX(DP:DP,_xlpm.top)/DP$72,0),0)))} -> 1.0681859 | EI15: {=_xlfn.LET(_xlpm.r,ROW($A$6:$A$65), _xlpm.i,ROW(), _xlpm.top,MAX(_xlfn._xlws.FILTER(_xlpm.r,($A$6:$A$65<>"x")*(_xlpm.r<=_xlpm.i))), _xlpm.tmp,MIN(_xlfn._xlws.FILTER(_xlpm.r,($A$6:$A$65<>"x")*(_xlpm.r>=_xlpm.i))), _xlpm.bot,IF(ISERROR(_xlpm.tmp),MAX(_xlpm.r),_xlpm.tmp), IF(_xlpm.bot=_xlpm.top,0,IF(DQ$72,IF(SUM(_xlfn._xlws.FILTER(DZ$6:DZ$65,(_xlpm.r>_xlpm.top)*(_xlpm.r<_xlpm.bot))),1/SUM(_xlfn._xlws.FILTER(DZ$6:DZ$65,(_xlpm.r>_xlpm.top)*(_xlpm.r<_xlpm.bot)))*DZ$72*INDEX(DQ:DQ,_xlpm.top)/DQ$72,0),0)))} -> 0 | EJ15: {=_xlfn.LET(_xlpm.r,ROW($A$6:$A$65), _xlpm.i,ROW(), _xlpm.top,MAX(_xlfn._xlws.FILTER(_xlpm.r,($A$6:$A$65<>"x")*(_xlpm.r<=_xlpm.i))), _xlpm.tmp,MIN(_xlfn._xlws.FILTER(_xlpm.r,($A$6:$A$65<>"x")*(_xlpm.r>=_xlpm.i))), _xlpm.bot,IF(ISERROR(_xlpm.tmp),MAX(_xlpm.r),_xlpm.tmp), IF(_xlpm.bot=_xlpm.top,0,IF(DR$72,IF(SUM(_xlfn._xlws.FILTER(EA$6:EA$65,(_xlpm.r>_xlpm.top)*(_xlpm.r<_xlpm.bot))),1/SUM(_xlfn._xlws.FILTER(EA$6:EA$65,(_xlpm.r>_xlpm.top)*(_xlpm.r<_xlpm.bot)))*EA$72*INDEX(DR:DR,_xlpm.top)/DR$72,0),0)))} -> 0 | EK15: {=_xlfn.LET(_xlpm.r,ROW($A$6:$A$65), _xlpm.i,ROW(), _xlpm.top,MAX(_xlfn._xlws.FILTER(_xlpm.r,($A$6:$A$65<>"x")*(_xlpm.r<=_xlpm.i))), _xlpm.tmp,MIN(_xlfn._xlws.FILTER(_xlpm.r,($A$6:$A$65<>"x")*(_xlpm.r>=_xlpm.i))), _xlpm.bot,IF(ISERROR(_xlpm.tmp),MAX(_xlpm.r),_xlpm.tmp), IF(_xlpm.bot=_xlpm.top,0,IF(DS$72,IF(SUM(_xlfn._xlws.FILTER(EB$6:EB$65,(_xlpm.r>_xlpm.top)*(_xlpm.r<_xlpm.bot))),1/SUM(_xlfn._xlws.FILTER(EB$6:EB$65,(_xlpm.r>_xlpm.top)*(_xlpm.r<_xlpm.bot)))*EB$72*INDEX(DS:DS,_xlpm.top)/DS$72,0),0)))} -> 0 | EL15: {=_xlfn.LET(_xlpm.r,ROW($A$6:$A$65), _xlpm.i,ROW(), _xlpm.top,MAX(_xlfn._xlws.FILTER(_xlpm.r,($A$6:$A$65<>"x")*(_xlpm.r<=_xlpm.i))), _xlpm.tmp,MIN(_xlfn._xlws.FILTER(_xlpm.r,($A$6:$A$65<>"x")*(_xlpm.r>=_xlpm.i))), _xlpm.bot,IF(ISERROR(_xlpm.tmp),MAX(_xlpm.r),_xlpm.tmp), IF(_xlpm.bot=_xlpm.top,0,IF(DT$72,IF(SUM(_xlfn._xlws.FILTER(EC$6:EC$65,(_xlpm.r>_xlpm.top)*(_xlpm.r<_xlpm.bot))),1/SUM(_xlfn._xlws.FILTER(EC$6:EC$65,(_xlpm.r>_xlpm.top)*(_xlpm.r<_xlpm.bot)))*EC$72*INDEX(DT:DT,_xlpm.top)/DT$72,0),0)))} -> 0 | EM15: {=_xlfn.LET(_xlpm.r,ROW($A$6:$A$65), _xlpm.i,ROW(), _xlpm.top,MAX(_xlfn._xlws.FILTER(_xlpm.r,($A$6:$A$65<>"x")*(_xlpm.r<=_xlpm.i))), _xlpm.tmp,MIN(_xlfn._xlws.FILTER(_xlpm.r,($A$6:$A$65<>"x")*(_xlpm.r>=_xlpm.i))), _xlpm.bot,IF(ISERROR(_xlpm.tmp),MAX(_xlpm.r),_xlpm.tmp), IF(_xlpm.bot=_xlpm.top,0,IF(DU$72,IF(SUM(_xlfn._xlws.FILTER(ED$6:ED$65,(_xlpm.r>_xlpm.top)*(_xlpm.r<_xlpm.bot))),1/SUM(_xlfn._xlws.FILTER(ED$6:ED$65,(_xlpm.r>_xlpm.top)*(_xlpm.r<_xlpm.bot)))*ED$72*INDEX(DU:DU,_xlpm.top)/DU$72,0),0)))} -> 0 | EN15: {=_xlfn.LET(_xlpm.r,ROW($A$6:$A$65), _xlpm.i,ROW(), _xlpm.top,MAX(_xlfn._xlws.FILTER(_xlpm.r,($A$6:$A$65<>"x")*(_xlpm.r<=_xlpm.i))), _xlpm.tmp,MIN(_xlfn._xlws.FILTER(_xlpm.r,($A$6:$A$65<>"x")*(_xlpm.r>=_xlpm.i))), _xlpm.bot,IF(ISERROR(_xlpm.tmp),MAX(_xlpm.r),_xlpm.tmp), IF(_xlpm.bot=_xlpm.top,0,IF(DV$72,IF(SUM(_xlfn._xlws.FILTER(EE$6:EE$65,(_xlpm.r>_xlpm.top)*(_xlpm.r<_xlpm.bot))),1/SUM(_xlfn._xlws.FILTER(EE$6:EE$65,(_xlpm.r>_xlpm.top)*(_xlpm.r<_xlpm.bot)))*EE$72*INDEX(DV:DV,_xlpm.top)/DV$72,0),0)))} -> 0 | EQ15: =$C15 -> 10 | ER15: =IF($A15<>"x",$P15*SUMIFS($AF15:$DK15,$AF$4:$DK$4,Jahresscheiben!C$2),0) -> 0 | ES15: =IF($A15<>"x",$P15*SUMIFS($AF15:$DK15,$AF$4:$DK$4,Jahresscheiben!D$2),0) -> 0 | ET15: =IF($A15<>"x",$P15*SUMIFS($AF15:$DK15,$AF$4:$DK$4,Jahresscheiben!E$2),0) -> 0 | EU15: =IF($A15<>"x",$P15*SUMIFS($AF15:$DK15,$AF$4:$DK$4,Jahresscheiben!F$2),0) -> 0 | EV15: =IF($A15<>"x",$P15*SUMIFS($AF15:$DK15,$AF$4:$DK$4,Jahresscheiben!G$2),0) -> 0 | EW15: =IF($A15<>"x",$P15*SUMIFS($AF15:$DK15,$AF$4:$DK$4,Jahresscheiben!H$2),0) -> 0 | EX15: =IF($A15<>"x",$P15*SUMIFS($AF15:$DK15,$AF$4:$DK$4,Jahresscheiben!I$2),0) -> 0 | EZ15: =$C15 -> 10 | FA15: =IF($A15="x",$P15*SUMIFS($AF15:$DK15,$AF$4:$DK$4,Jahresscheiben!C$2)/2,0) -> 15 | FB15: =IF($A15="x",$P15*SUMIFS($AF15:$DK15,$AF$4:$DK$4,Jahresscheiben!D$2)/2,0) -> 0 | FC15: =IF($A15="x",$P15*SUMIFS($AF15:$DK15,$AF$4:$DK$4,Jahresscheiben!E$2)/2,0) -> 0 | FD15: =IF($A15="x",$P15*SUMIFS($AF15:$DK15,$AF$4:$DK$4,Jahresscheiben!F$2)/2,0) -> 0 | FE15: =IF($A15="x",$P15*SUMIFS($AF15:$DK15,$AF$4:$DK$4,Jahresscheiben!G$2)/2,0) -> 0 | FF15: =IF($A15="x",$P15*SUMIFS($AF15:$DK15,$AF$4:$DK$4,Jahresscheiben!H$2)/2,0) -> 0 | FG15: =IF($A15="x",$P15*SUMIFS($AF15:$DK15,$AF$4:$DK$4,Jahresscheiben!I$2)/2,0) -> 0 | FI15: =$C15 -> 10 | FJ15: {=_xlfn.LET(_xlpm.r,ROW($A$6:$A$65), _xlpm.i,ROW(), _xlpm.top,MAX(_xlfn._xlws.FILTER(_xlpm.r,($A$6:$A$65<>"x")*(_xlpm.r<=_xlpm.i))), _xlpm.tmp,MIN(_xlfn._xlws.FILTER(_xlpm.r,($A$6:$A$65<>"x")*(_xlpm.r>=_xlpm.i))), _xlpm.bot,IF(ISERROR(_xlpm.tmp),MAX(_xlpm.r),_xlpm.tmp), IF(_xlpm.bot=_xlpm.top,0,IF(ER$72,IF(SUM(_xlfn._xlws.FILTER(FA$6:FA$65,(_xlpm.r>_xlpm.top)*(_xlpm.r<_xlpm.bot))),1/SUM(_xlfn._xlws.FILTER(FA$6:FA$65,(_xlpm.r>_xlpm.top)*(_xlpm.r<_xlpm.bot)))*FA$72*INDEX(ER:ER,_xlpm.top)/ER$72,0),0)))} -> 1.0681859 | FK15: {=_xlfn.LET(_xlpm.r,ROW($A$6:$A$65), _xlpm.i,ROW(), _xlpm.top,MAX(_xlfn._xlws.FILTER(_xlpm.r,($A$6:$A$65<>"x")*(_xlpm.r<=_xlpm.i))), _xlpm.tmp,MIN(_xlfn._xlws.FILTER(_xlpm.r,($A$6:$A$65<>"x")*(_xlpm.r>=_xlpm.i))), _xlpm.bot,IF(ISERROR(_xlpm.tmp),MAX(_xlpm.r),_xlpm.tmp), IF(_xlpm.bot=_xlpm.top,0,IF(ES$72,IF(SUM(_xlfn._xlws.FILTER(FB$6:FB$65,(_xlpm.r>_xlpm.top)*(_xlpm.r<_xlpm.bot))),1/SUM(_xlfn._xlws.FILTER(FB$6:FB$65,(_xlpm.r>_xlpm.top)*(_xlpm.r<_xlpm.bot)))*FB$72*INDEX(ES:ES,_xlpm.top)/ES$72,0),0)))} -> 0 | FL15: {=_xlfn.LET(_xlpm.r,ROW($A$6:$A$65), _xlpm.i,ROW(), _xlpm.top,MAX(_xlfn._xlws.FILTER(_xlpm.r,($A$6:$A$65<>"x")*(_xlpm.r<=_xlpm.i))), _xlpm.tmp,MIN(_xlfn._xlws.FILTER(_xlpm.r,($A$6:$A$65<>"x")*(_xlpm.r>=_xlpm.i))), _xlpm.bot,IF(ISERROR(_xlpm.tmp),MAX(_xlpm.r),_xlpm.tmp), IF(_xlpm.bot=_xlpm.top,0,IF(ET$72,IF(SUM(_xlfn._xlws.FILTER(FC$6:FC$65,(_xlpm.r>_xlpm.top)*(_xlpm.r<_xlpm.bot))),1/SUM(_xlfn._xlws.FILTER(FC$6:FC$65,(_xlpm.r>_xlpm.top)*(_xlpm.r<_xlpm.bot)))*FC$72*INDEX(ET:ET,_xlpm.top)/ET$72,0),0)))} -> 0 | FM15: {=_xlfn.LET(_xlpm.r,ROW($A$6:$A$65), _xlpm.i,ROW(), _xlpm.top,MAX(_xlfn._xlws.FILTER(_xlpm.r,($A$6:$A$65<>"x")*(_xlpm.r<=_xlpm.i))), _xlpm.tmp,MIN(_xlfn._xlws.FILTER(_xlpm.r,($A$6:$A$65<>"x")*(_xlpm.r>=_xlpm.i))), _xlpm.bot,IF(ISERROR(_xlpm.tmp),MAX(_xlpm.r),_xlpm.tmp), IF(_xlpm.bot=_xlpm.top,0,IF(EU$72,IF(SUM(_xlfn._xlws.FILTER(FD$6:FD$65,(_xlpm.r>_xlpm.top)*(_xlpm.r<_xlpm.bot))),1/SUM(_xlfn._xlws.FILTER(FD$6:FD$65,(_xlpm.r>_xlpm.top)*(_xlpm.r<_xlpm.bot)))*FD$72*INDEX(EU:EU,_xlpm.top)/EU$72,0),0)))} -> 0 | FN15: {=_xlfn.LET(_xlpm.r,ROW($A$6:$A$65), _xlpm.i,ROW(), _xlpm.top,MAX(_xlfn._xlws.FILTER(_xlpm.r,($A$6:$A$65<>"x")*(_xlpm.r<=_xlpm.i))), _xlpm.tmp,MIN(_xlfn._xlws.FILTER(_xlpm.r,($A$6:$A$65<>"x")*(_xlpm.r>=_xlpm.i))), _xlpm.bot,IF(ISERROR(_xlpm.tmp),MAX(_xlpm.r),_xlpm.tmp), IF(_xlpm.bot=_xlpm.top,0,IF(EV$72,IF(SUM(_xlfn._xlws.FILTER(FE$6:FE$65,(_xlpm.r>_xlpm.top)*(_xlpm.r<_xlpm.bot))),1/SUM(_xlfn._xlws.FILTER(FE$6:FE$65,(_xlpm.r>_xlpm.top)*(_xlpm.r<_xlpm.bot)))*FE$72*INDEX(EV:EV,_xlpm.top)/EV$72,0),0)))} -> 0 | FO15: {=_xlfn.LET(_xlpm.r,ROW($A$6:$A$65), _xlpm.i,ROW(), _xlpm.top,MAX(_xlfn._xlws.FILTER(_xlpm.r,($A$6:$A$65<>"x")*(_xlpm.r<=_xlpm.i))), _xlpm.tmp,MIN(_xlfn._xlws.FILTER(_xlpm.r,($A$6:$A$65<>"x")*(_xlpm.r>=_xlpm.i))), _xlpm.bot,IF(ISERROR(_xlpm.tmp),MAX(_xlpm.r),_xlpm.tmp), IF(_xlpm.bot=_xlpm.top,0,IF(EW$72,IF(SUM(_xlfn._xlws.FILTER(FF$6:FF$65,(_xlpm.r>_xlpm.top)*(_xlpm.r<_xlpm.bot))),1/SUM(_xlfn._xlws.FILTER(FF$6:FF$65,(_xlpm.r>_xlpm.top)*(_xlpm.r<_xlpm.bot)))*FF$72*INDEX(EW:EW,_xlpm.top)/EW$72,0),0)))} -> 0 | FP15: {=_xlfn.LET(_xlpm.r,ROW($A$6:$A$65), _xlpm.i,ROW(), _xlpm.top,MAX(_xlfn._xlws.FILTER(_xlpm.r,($A$6:$A$65<>"x")*(_xlpm.r<=_xlpm.i))), _xlpm.tmp,MIN(_xlfn._xlws.FILTER(_xlpm.r,($A$6:$A$65<>"x")*(_xlpm.r>=_xlpm.i))), _xlpm.bot,IF(ISERROR(_xlpm.tmp),MAX(_xlpm.r),_xlpm.tmp), IF(_xlpm.bot=_xlpm.top,0,IF(EX$72,IF(SUM(_xlfn._xlws.FILTER(FG$6:FG$65,(_xlpm.r>_xlpm.top)*(_xlpm.r<_xlpm.bot))),1/SUM(_xlfn._xlws.FILTER(FG$6:FG$65,(_xlpm.r>_xlpm.top)*(_xlpm.r<_xlpm.bot)))*FG$72*INDEX(EX:EX,_xlpm.top)/EX$72,0),0)))} -> 0
B16: =LEN(D16) -> 136 | C16: =ROW()-5 -> 11 | D16: AP3 Erforschung energiearmer Fahr-, Bahn- und Aufnahmeprinzipien durch Projektleitung und Konstrukteur am realen Prüfstand (Prototyping) | F16: 8 | G16: 17 | I16: =IF(F16=0,"",EOMONTH(Project_Start,F16-1)) -> 46265 | J16: =IF(G16=0,"",EOMONTH(Project_Start,G16-1)) -> 46538 | L16: 8 | M16: {=_xlfn.LET( _xlpm.Z, _xlfn._xlws.FILTER($DY$6:$EE$65,$DX$6:$DX$65=C16), _xlpm.Q,_xlfn._xlws.FILTER($DP$6:$DV$65,$DO$6:$DO$65=C16), IF($A16="x",SUMPRODUCT(_xlpm.Z,$DY$73:$EE$73,EH16:EN16),SUMPRODUCT(_xlpm.Q,$DP$73:$DV$73)))} -> 0 | N16: {=_xlfn.LET( _xlpm.Z, SUM(IF($A16="x",_xlfn._xlws.FILTER($M$6:$M$65,$A$6:$A$65="x"),_xlfn._xlws.FILTER($M$6:$M$65,$A$6:$A$65<>"x"))), IF(_xlpm.Z<>0,M16/_xlpm.Z,""))} | P16: =L16 -> 8 | Q16: {=_xlfn.LET( _xlpm.Z, _xlfn._xlws.FILTER($FA$6:$FG$65,$EZ$6:$EZ$65=C16), _xlpm.Q,_xlfn._xlws.FILTER($ER$6:$EX$65,$EQ$6:$EQ$65=C16), IF($A16="x",SUMPRODUCT(_xlpm.Z,$FA$73:$FG$73,FJ16:FP16),SUMPRODUCT(_xlpm.Q,$ER$73:$EX$73)))} -> 0 | R16: {=_xlfn.LET( _xlpm.Z, SUM(IF($A16="x",_xlfn._xlws.FILTER($Q$6:$Q$65,$A$6:$A$65="x"),_xlfn._xlws.FILTER($Q$6:$Q$65,$A$6:$A$65<>"x"))), IF(_xlpm.Z<>0,Q16/_xlpm.Z,""))} | AF16: =_xlfn.LET( _xlpm.project_monat,AF$3, _xlpm.start_monat,$F16, _xlpm.ende_monat,$G16, IF(AND(_xlpm.project_monat>=_xlpm.start_monat,_xlpm.project_monat<=_xlpm.ende_monat),IF($A16="x",2,1),"")) | AG16: =_xlfn.LET( _xlpm.project_monat,AG$3, _xlpm.start_monat,$F16, _xlpm.ende_monat,$G16, IF(AND(_xlpm.project_monat>=_xlpm.start_monat,_xlpm.project_monat<=_xlpm.ende_monat),IF($A16="x",2,1),"")) | AH16: =_xlfn.LET( _xlpm.project_monat,AH$3, _xlpm.start_monat,$F16, _xlpm.ende_monat,$G16, IF(AND(_xlpm.project_monat>=_xlpm.start_monat,_xlpm.project_monat<=_xlpm.ende_monat),IF($A16="x",2,1),"")) | AI16: =_xlfn.LET( _xlpm.project_monat,AI$3, _xlpm.start_monat,$F16, _xlpm.ende_monat,$G16, IF(AND(_xlpm.project_monat>=_xlpm.start_monat,_xlpm.project_monat<=_xlpm.ende_monat),IF($A16="x",2,1),"")) | AJ16: =_xlfn.LET( _xlpm.project_monat,AJ$3, _xlpm.start_monat,$F16, _xlpm.ende_monat,$G16, IF(AND(_xlpm.project_monat>=_xlpm.start_monat,_xlpm.project_monat<=_xlpm.ende_monat),IF($A16="x",2,1),"")) | AK16: =_xlfn.LET( _xlpm.project_monat,AK$3, _xlpm.start_monat,$F16, _xlpm.ende_monat,$G16, IF(AND(_xlpm.project_monat>=_xlpm.start_monat,_xlpm.project_monat<=_xlpm.ende_monat),IF($A16="x",2,1),"")) | AL16: =_xlfn.LET( _xlpm.project_monat,AL$3, _xlpm.start_monat,$F16, _xlpm.ende_monat,$G16, IF(AND(_xlpm.project_monat>=_xlpm.start_monat,_xlpm.project_monat<=_xlpm.ende_monat),IF($A16="x",2,1),"")) | AM16: =_xlfn.LET( _xlpm.project_monat,AM$3, _xlpm.start_monat,$F16, _xlpm.ende_monat,$G16, IF(AND(_xlpm.project_monat>=_xlpm.start_monat,_xlpm.project_monat<=_xlpm.ende_monat),IF($A16="x",2,1),"")) -> 1 | ... DK16: =_xlfn.LET( _xlpm.project_monat,DK$3, _xlpm.start_monat,$F16, _xlpm.ende_monat,$G16, IF(AND(_xlpm.project_monat>=_xlpm.start_monat,_xlpm.project_monat<=_xlpm.ende_monat),IF($A16="x",2,1),"")) | DO16: =$C16 -> 11 | DP16: =IF($A16<>"x",$L16*SUMIFS($AF16:$DK16,$AF$4:$DK$4,Jahresscheiben!C$2),0) -> 40 | DQ16: =IF($A16<>"x",$L16*SUMIFS($AF16:$DK16,$AF$4:$DK$4,Jahresscheiben!D$2),0) -> 40 | DR16: =IF($A16<>"x",$L16*SUMIFS($AF16:$DK16,$AF$4:$DK$4,Jahresscheiben!E$2),0) -> 0 | DS16: =IF($A16<>"x",$L16*SUMIFS($AF16:$DK16,$AF$4:$DK$4,Jahresscheiben!F$2),0) -> 0 | DT16: =IF($A16<>"x",$L16*SUMIFS($AF16:$DK16,$AF$4:$DK$4,Jahresscheiben!G$2),0) -> 0 | DU16: =IF($A16<>"x",$L16*SUMIFS($AF16:$DK16,$AF$4:$DK$4,Jahresscheiben!H$2),0) -> 0 | DV16: =IF($A16<>"x",$L16*SUMIFS($AF16:$DK16,$AF$4:$DK$4,Jahresscheiben!I$2),0) -> 0 | DX16: =$C16 -> 11 | DY16: =IF($A16="x",$L16*SUMIFS($AF16:$DK16,$AF$4:$DK$4,Jahresscheiben!C$2)/2,0) -> 0 | DZ16: =IF($A16="x",$L16*SUMIFS($AF16:$DK16,$AF$4:$DK$4,Jahresscheiben!D$2)/2,0) -> 0 | EA16: =IF($A16="x",$L16*SUMIFS($AF16:$DK16,$AF$4:$DK$4,Jahresscheiben!E$2)/2,0) -> 0 | EB16: =IF($A16="x",$L16*SUMIFS($AF16:$DK16,$AF$4:$DK$4,Jahresscheiben!F$2)/2,0) -> 0 | EC16: =IF($A16="x",$L16*SUMIFS($AF16:$DK16,$AF$4:$DK$4,Jahresscheiben!G$2)/2,0) -> 0 | ED16: =IF($A16="x",$L16*SUMIFS($AF16:$DK16,$AF$4:$DK$4,Jahresscheiben!H$2)/2,0) -> 0 | EE16: =IF($A16="x",$L16*SUMIFS($AF16:$DK16,$AF$4:$DK$4,Jahresscheiben!I$2)/2,0) -> 0 | EG16: =$C16 -> 11 | EH16: {=_xlfn.LET(_xlpm.r,ROW($A$6:$A$65), _xlpm.i,ROW(), _xlpm.top,MAX(_xlfn._xlws.FILTER(_xlpm.r,($A$6:$A$65<>"x")*(_xlpm.r<=_xlpm.i))), _xlpm.tmp,MIN(_xlfn._xlws.FILTER(_xlpm.r,($A$6:$A$65<>"x")*(_xlpm.r>=_xlpm.i))), _xlpm.bot,IF(ISERROR(_xlpm.tmp),MAX(_xlpm.r),_xlpm.tmp), IF(_xlpm.bot=_xlpm.top,0,IF(DP$72,IF(SUM(_xlfn._xlws.FILTER(DY$6:DY$65,(_xlpm.r>_xlpm.top)*(_xlpm.r<_xlpm.bot))),1/SUM(_xlfn._xlws.FILTER(DY$6:DY$65,(_xlpm.r>_xlpm.top)*(_xlpm.r<_xlpm.bot)))*DY$72*INDEX(DP:DP,_xlpm.top)/DP$72,0),0)))} -> 0 | EI16: {=_xlfn.LET(_xlpm.r,ROW($A$6:$A$65), _xlpm.i,ROW(), _xlpm.top,MAX(_xlfn._xlws.FILTER(_xlpm.r,($A$6:$A$65<>"x")*(_xlpm.r<=_xlpm.i))), _xlpm.tmp,MIN(_xlfn._xlws.FILTER(_xlpm.r,($A$6:$A$65<>"x")*(_xlpm.r>=_xlpm.i))), _xlpm.bot,IF(ISERROR(_xlpm.tmp),MAX(_xlpm.r),_xlpm.tmp), IF(_xlpm.bot=_xlpm.top,0,IF(DQ$72,IF(SUM(_xlfn._xlws.FILTER(DZ$6:DZ$65,(_xlpm.r>_xlpm.top)*(_xlpm.r<_xlpm.bot))),1/SUM(_xlfn._xlws.FILTER(DZ$6:DZ$65,(_xlpm.r>_xlpm.top)*(_xlpm.r<_xlpm.bot)))*DZ$72*INDEX(DQ:DQ,_xlpm.top)/DQ$72,0),0)))} -> 0 | EJ16: {=_xlfn.LET(_xlpm.r,ROW($A$6:$A$65), _xlpm.i,ROW(), _xlpm.top,MAX(_xlfn._xlws.FILTER(_xlpm.r,($A$6:$A$65<>"x")*(_xlpm.r<=_xlpm.i))), _xlpm.tmp,MIN(_xlfn._xlws.FILTER(_xlpm.r,($A$6:$A$65<>"x")*(_xlpm.r>=_xlpm.i))), _xlpm.bot,IF(ISERROR(_xlpm.tmp),MAX(_xlpm.r),_xlpm.tmp), IF(_xlpm.bot=_xlpm.top,0,IF(DR$72,IF(SUM(_xlfn._xlws.FILTER(EA$6:EA$65,(_xlpm.r>_xlpm.top)*(_xlpm.r<_xlpm.bot))),1/SUM(_xlfn._xlws.FILTER(EA$6:EA$65,(_xlpm.r>_xlpm.top)*(_xlpm.r<_xlpm.bot)))*EA$72*INDEX(DR:DR,_xlpm.top)/DR$72,0),0)))} -> 0 | EK16: {=_xlfn.LET(_xlpm.r,ROW($A$6:$A$65), _xlpm.i,ROW(), _xlpm.top,MAX(_xlfn._xlws.FILTER(_xlpm.r,($A$6:$A$65<>"x")*(_xlpm.r<=_xlpm.i))), _xlpm.tmp,MIN(_xlfn._xlws.FILTER(_xlpm.r,($A$6:$A$65<>"x")*(_xlpm.r>=_xlpm.i))), _xlpm.bot,IF(ISERROR(_xlpm.tmp),MAX(_xlpm.r),_xlpm.tmp), IF(_xlpm.bot=_xlpm.top,0,IF(DS$72,IF(SUM(_xlfn._xlws.FILTER(EB$6:EB$65,(_xlpm.r>_xlpm.top)*(_xlpm.r<_xlpm.bot))),1/SUM(_xlfn._xlws.FILTER(EB$6:EB$65,(_xlpm.r>_xlpm.top)*(_xlpm.r<_xlpm.bot)))*EB$72*INDEX(DS:DS,_xlpm.top)/DS$72,0),0)))} -> 0 | EL16: {=_xlfn.LET(_xlpm.r,ROW($A$6:$A$65), _xlpm.i,ROW(), _xlpm.top,MAX(_xlfn._xlws.FILTER(_xlpm.r,($A$6:$A$65<>"x")*(_xlpm.r<=_xlpm.i))), _xlpm.tmp,MIN(_xlfn._xlws.FILTER(_xlpm.r,($A$6:$A$65<>"x")*(_xlpm.r>=_xlpm.i))), _xlpm.bot,IF(ISERROR(_xlpm.tmp),MAX(_xlpm.r),_xlpm.tmp), IF(_xlpm.bot=_xlpm.top,0,IF(DT$72,IF(SUM(_xlfn._xlws.FILTER(EC$6:EC$65,(_xlpm.r>_xlpm.top)*(_xlpm.r<_xlpm.bot))),1/SUM(_xlfn._xlws.FILTER(EC$6:EC$65,(_xlpm.r>_xlpm.top)*(_xlpm.r<_xlpm.bot)))*EC$72*INDEX(DT:DT,_xlpm.top)/DT$72,0),0)))} -> 0 | EM16: {=_xlfn.LET(_xlpm.r,ROW($A$6:$A$65), _xlpm.i,ROW(), _xlpm.top,MAX(_xlfn._xlws.FILTER(_xlpm.r,($A$6:$A$65<>"x")*(_xlpm.r<=_xlpm.i))), _xlpm.tmp,MIN(_xlfn._xlws.FILTER(_xlpm.r,($A$6:$A$65<>"x")*(_xlpm.r>=_xlpm.i))), _xlpm.bot,IF(ISERROR(_xlpm.tmp),MAX(_xlpm.r),_xlpm.tmp), IF(_xlpm.bot=_xlpm.top,0,IF(DU$72,IF(SUM(_xlfn._xlws.FILTER(ED$6:ED$65,(_xlpm.r>_xlpm.top)*(_xlpm.r<_xlpm.bot))),1/SUM(_xlfn._xlws.FILTER(ED$6:ED$65,(_xlpm.r>_xlpm.top)*(_xlpm.r<_xlpm.bot)))*ED$72*INDEX(DU:DU,_xlpm.top)/DU$72,0),0)))} -> 0 | EN16: {=_xlfn.LET(_xlpm.r,ROW($A$6:$A$65), _xlpm.i,ROW(), _xlpm.top,MAX(_xlfn._xlws.FILTER(_xlpm.r,($A$6:$A$65<>"x")*(_xlpm.r<=_xlpm.i))), _xlpm.tmp,MIN(_xlfn._xlws.FILTER(_xlpm.r,($A$6:$A$65<>"x")*(_xlpm.r>=_xlpm.i))), _xlpm.bot,IF(ISERROR(_xlpm.tmp),MAX(_xlpm.r),_xlpm.tmp), IF(_xlpm.bot=_xlpm.top,0,IF(DV$72,IF(SUM(_xlfn._xlws.FILTER(EE$6:EE$65,(_xlpm.r>_xlpm.top)*(_xlpm.r<_xlpm.bot))),1/SUM(_xlfn._xlws.FILTER(EE$6:EE$65,(_xlpm.r>_xlpm.top)*(_xlpm.r<_xlpm.bot)))*EE$72*INDEX(DV:DV,_xlpm.top)/DV$72,0),0)))} -> 0 | EQ16: =$C16 -> 11 | ER16: =IF($A16<>"x",$P16*SUMIFS($AF16:$DK16,$AF$4:$DK$4,Jahresscheiben!C$2),0) -> 40 | ES16: =IF($A16<>"x",$P16*SUMIFS($AF16:$DK16,$AF$4:$DK$4,Jahresscheiben!D$2),0) -> 40 | ET16: =IF($A16<>"x",$P16*SUMIFS($AF16:$DK16,$AF$4:$DK$4,Jahresscheiben!E$2),0) -> 0 | EU16: =IF($A16<>"x",$P16*SUMIFS($AF16:$DK16,$AF$4:$DK$4,Jahresscheiben!F$2),0) -> 0 | EV16: =IF($A16<>"x",$P16*SUMIFS($AF16:$DK16,$AF$4:$DK$4,Jahresscheiben!G$2),0) -> 0 | EW16: =IF($A16<>"x",$P16*SUMIFS($AF16:$DK16,$AF$4:$DK$4,Jahresscheiben!H$2),0) -> 0 | EX16: =IF($A16<>"x",$P16*SUMIFS($AF16:$DK16,$AF$4:$DK$4,Jahresscheiben!I$2),0) -> 0 | EZ16: =$C16 -> 11 | FA16: =IF($A16="x",$P16*SUMIFS($AF16:$DK16,$AF$4:$DK$4,Jahresscheiben!C$2)/2,0) -> 0 | FB16: =IF($A16="x",$P16*SUMIFS($AF16:$DK16,$AF$4:$DK$4,Jahresscheiben!D$2)/2,0) -> 0 | FC16: =IF($A16="x",$P16*SUMIFS($AF16:$DK16,$AF$4:$DK$4,Jahresscheiben!E$2)/2,0) -> 0 | FD16: =IF($A16="x",$P16*SUMIFS($AF16:$DK16,$AF$4:$DK$4,Jahresscheiben!F$2)/2,0) -> 0 | FE16: =IF($A16="x",$P16*SUMIFS($AF16:$DK16,$AF$4:$DK$4,Jahresscheiben!G$2)/2,0) -> 0 | FF16: =IF($A16="x",$P16*SUMIFS($AF16:$DK16,$AF$4:$DK$4,Jahresscheiben!H$2)/2,0) -> 0 | FG16: =IF($A16="x",$P16*SUMIFS($AF16:$DK16,$AF$4:$DK$4,Jahresscheiben!I$2)/2,0) -> 0 | FI16: =$C16 -> 11 | FJ16: {=_xlfn.LET(_xlpm.r,ROW($A$6:$A$65), _xlpm.i,ROW(), _xlpm.top,MAX(_xlfn._xlws.FILTER(_xlpm.r,($A$6:$A$65<>"x")*(_xlpm.r<=_xlpm.i))), _xlpm.tmp,MIN(_xlfn._xlws.FILTER(_xlpm.r,($A$6:$A$65<>"x")*(_xlpm.r>=_xlpm.i))), _xlpm.bot,IF(ISERROR(_xlpm.tmp),MAX(_xlpm.r),_xlpm.tmp), IF(_xlpm.bot=_xlpm.top,0,IF(ER$72,IF(SUM(_xlfn._xlws.FILTER(FA$6:FA$65,(_xlpm.r>_xlpm.top)*(_xlpm.r<_xlpm.bot))),1/SUM(_xlfn._xlws.FILTER(FA$6:FA$65,(_xlpm.r>_xlpm.top)*(_xlpm.r<_xlpm.bot)))*FA$72*INDEX(ER:ER,_xlpm.top)/ER$72,0),0)))} -> 0 | FK16: {=_xlfn.LET(_xlpm.r,ROW($A$6:$A$65), _xlpm.i,ROW(), _xlpm.top,MAX(_xlfn._xlws.FILTER(_xlpm.r,($A$6:$A$65<>"x")*(_xlpm.r<=_xlpm.i))), _xlpm.tmp,MIN(_xlfn._xlws.FILTER(_xlpm.r,($A$6:$A$65<>"x")*(_xlpm.r>=_xlpm.i))), _xlpm.bot,IF(ISERROR(_xlpm.tmp),MAX(_xlpm.r),_xlpm.tmp), IF(_xlpm.bot=_xlpm.top,0,IF(ES$72,IF(SUM(_xlfn._xlws.FILTER(FB$6:FB$65,(_xlpm.r>_xlpm.top)*(_xlpm.r<_xlpm.bot))),1/SUM(_xlfn._xlws.FILTER(FB$6:FB$65,(_xlpm.r>_xlpm.top)*(_xlpm.r<_xlpm.bot)))*FB$72*INDEX(ES:ES,_xlpm.top)/ES$72,0),0)))} -> 0 | FL16: {=_xlfn.LET(_xlpm.r,ROW($A$6:$A$65), _xlpm.i,ROW(), _xlpm.top,MAX(_xlfn._xlws.FILTER(_xlpm.r,($A$6:$A$65<>"x")*(_xlpm.r<=_xlpm.i))), _xlpm.tmp,MIN(_xlfn._xlws.FILTER(_xlpm.r,($A$6:$A$65<>"x")*(_xlpm.r>=_xlpm.i))), _xlpm.bot,IF(ISERROR(_xlpm.tmp),MAX(_xlpm.r),_xlpm.tmp), IF(_xlpm.bot=_xlpm.top,0,IF(ET$72,IF(SUM(_xlfn._xlws.FILTER(FC$6:FC$65,(_xlpm.r>_xlpm.top)*(_xlpm.r<_xlpm.bot))),1/SUM(_xlfn._xlws.FILTER(FC$6:FC$65,(_xlpm.r>_xlpm.top)*(_xlpm.r<_xlpm.bot)))*FC$72*INDEX(ET:ET,_xlpm.top)/ET$72,0),0)))} -> 0 | FM16: {=_xlfn.LET(_xlpm.r,ROW($A$6:$A$65), _xlpm.i,ROW(), _xlpm.top,MAX(_xlfn._xlws.FILTER(_xlpm.r,($A$6:$A$65<>"x")*(_xlpm.r<=_xlpm.i))), _xlpm.tmp,MIN(_xlfn._xlws.FILTER(_xlpm.r,($A$6:$A$65<>"x")*(_xlpm.r>=_xlpm.i))), _xlpm.bot,IF(ISERROR(_xlpm.tmp),MAX(_xlpm.r),_xlpm.tmp), IF(_xlpm.bot=_xlpm.top,0,IF(EU$72,IF(SUM(_xlfn._xlws.FILTER(FD$6:FD$65,(_xlpm.r>_xlpm.top)*(_xlpm.r<_xlpm.bot))),1/SUM(_xlfn._xlws.FILTER(FD$6:FD$65,(_xlpm.r>_xlpm.top)*(_xlpm.r<_xlpm.bot)))*FD$72*INDEX(EU:EU,_xlpm.top)/EU$72,0),0)))} -> 0 | FN16: {=_xlfn.LET(_xlpm.r,ROW($A$6:$A$65), _xlpm.i,ROW(), _xlpm.top,MAX(_xlfn._xlws.FILTER(_xlpm.r,($A$6:$A$65<>"x")*(_xlpm.r<=_xlpm.i))), _xlpm.tmp,MIN(_xlfn._xlws.FILTER(_xlpm.r,($A$6:$A$65<>"x")*(_xlpm.r>=_xlpm.i))), _xlpm.bot,IF(ISERROR(_xlpm.tmp),MAX(_xlpm.r),_xlpm.tmp), IF(_xlpm.bot=_xlpm.top,0,IF(EV$72,IF(SUM(_xlfn._xlws.FILTER(FE$6:FE$65,(_xlpm.r>_xlpm.top)*(_xlpm.r<_xlpm.bot))),1/SUM(_xlfn._xlws.FILTER(FE$6:FE$65,(_xlpm.r>_xlpm.top)*(_xlpm.r<_xlpm.bot)))*FE$72*INDEX(EV:EV,_xlpm.top)/EV$72,0),0)))} -> 0 | FO16: {=_xlfn.LET(_xlpm.r,ROW($A$6:$A$65), _xlpm.i,ROW(), _xlpm.top,MAX(_xlfn._xlws.FILTER(_xlpm.r,($A$6:$A$65<>"x")*(_xlpm.r<=_xlpm.i))), _xlpm.tmp,MIN(_xlfn._xlws.FILTER(_xlpm.r,($A$6:$A$65<>"x")*(_xlpm.r>=_xlpm.i))), _xlpm.bot,IF(ISERROR(_xlpm.tmp),MAX(_xlpm.r),_xlpm.tmp), IF(_xlpm.bot=_xlpm.top,0,IF(EW$72,IF(SUM(_xlfn._xlws.FILTER(FF$6:FF$65,(_xlpm.r>_xlpm.top)*(_xlpm.r<_xlpm.bot))),1/SUM(_xlfn._xlws.FILTER(FF$6:FF$65,(_xlpm.r>_xlpm.top)*(_xlpm.r<_xlpm.bot)))*FF$72*INDEX(EW:EW,_xlpm.top)/EW$72,0),0)))} -> 0 | FP16: {=_xlfn.LET(_xlpm.r,ROW($A$6:$A$65), _xlpm.i,ROW(), _xlpm.top,MAX(_xlfn._xlws.FILTER(_xlpm.r,($A$6:$A$65<>"x")*(_xlpm.r<=_xlpm.i))), _xlpm.tmp,MIN(_xlfn._xlws.FILTER(_xlpm.r,($A$6:$A$65<>"x")*(_xlpm.r>=_xlpm.i))), _xlpm.bot,IF(ISERROR(_xlpm.tmp),MAX(_xlpm.r),_xlpm.tmp), IF(_xlpm.bot=_xlpm.top,0,IF(EX$72,IF(SUM(_xlfn._xlws.FILTER(FG$6:FG$65,(_xlpm.r>_xlpm.top)*(_xlpm.r<_xlpm.bot))),1/SUM(_xlfn._xlws.FILTER(FG$6:FG$65,(_xlpm.r>_xlpm.top)*(_xlpm.r<_xlpm.bot)))*FG$72*INDEX(EX:EX,_xlpm.top)/EX$72,0),0)))} -> 0
A17: x | B17: =LEN(D17) -> 150 | C17: =ROW()-5 -> 12 | D17: 3.1 Simulation von Zielreihenfolgen, Bahnen und Beschleunigungsprofilen unter Sensorunsicherheit, Sammeldauer und Energiegrenzen (Mehrzieloptimierung) | F17: 8 | G17: 12 | I17: =IF(F17=0,"",EOMONTH(Project_Start,F17-1)) -> 46265 | J17: =IF(G17=0,"",EOMONTH(Project_Start,G17-1)) -> 46387 | L17: 6 | M17: {=_xlfn.LET( _xlpm.Z, _xlfn._xlws.FILTER($DY$6:$EE$65,$DX$6:$DX$65=C17), _xlpm.Q,_xlfn._xlws.FILTER($DP$6:$DV$65,$DO$6:$DO$65=C17), IF($A17="x",SUMPRODUCT(_xlpm.Z,$DY$73:$EE$73,EH17:EN17),SUMPRODUCT(_xlpm.Q,$DP$73:$DV$73)))} -> 0 | N17: {=_xlfn.LET( _xlpm.Z, SUM(IF($A17="x",_xlfn._xlws.FILTER($M$6:$M$65,$A$6:$A$65="x"),_xlfn._xlws.FILTER($M$6:$M$65,$A$6:$A$65<>"x"))), IF(_xlpm.Z<>0,M17/_xlpm.Z,""))} | P17: =L17 -> 6 | Q17: {=_xlfn.LET( _xlpm.Z, _xlfn._xlws.FILTER($FA$6:$FG$65,$EZ$6:$EZ$65=C17), _xlpm.Q,_xlfn._xlws.FILTER($ER$6:$EX$65,$EQ$6:$EQ$65=C17), IF($A17="x",SUMPRODUCT(_xlpm.Z,$FA$73:$FG$73,FJ17:FP17),SUMPRODUCT(_xlpm.Q,$ER$73:$EX$73)))} -> 0 | R17: {=_xlfn.LET( _xlpm.Z, SUM(IF($A17="x",_xlfn._xlws.FILTER($Q$6:$Q$65,$A$6:$A$65="x"),_xlfn._xlws.FILTER($Q$6:$Q$65,$A$6:$A$65<>"x"))), IF(_xlpm.Z<>0,Q17/_xlpm.Z,""))} | AF17: =_xlfn.LET( _xlpm.project_monat,AF$3, _xlpm.start_monat,$F17, _xlpm.ende_monat,$G17, IF(AND(_xlpm.project_monat>=_xlpm.start_monat,_xlpm.project_monat<=_xlpm.ende_monat),IF($A17="x",2,1),"")) | AG17: =_xlfn.LET( _xlpm.project_monat,AG$3, _xlpm.start_monat,$F17, _xlpm.ende_monat,$G17, IF(AND(_xlpm.project_monat>=_xlpm.start_monat,_xlpm.project_monat<=_xlpm.ende_monat),IF($A17="x",2,1),"")) | AH17: =_xlfn.LET( _xlpm.project_monat,AH$3, _xlpm.start_monat,$F17, _xlpm.ende_monat,$G17, IF(AND(_xlpm.project_monat>=_xlpm.start_monat,_xlpm.project_monat<=_xlpm.ende_monat),IF($A17="x",2,1),"")) | AI17: =_xlfn.LET( _xlpm.project_monat,AI$3, _xlpm.start_monat,$F17, _xlpm.ende_monat,$G17, IF(AND(_xlpm.project_monat>=_xlpm.start_monat,_xlpm.project_monat<=_xlpm.ende_monat),IF($A17="x",2,1),"")) | AJ17: =_xlfn.LET( _xlpm.project_monat,AJ$3, _xlpm.start_monat,$F17, _xlpm.ende_monat,$G17, IF(AND(_xlpm.project_monat>=_xlpm.start_monat,_xlpm.project_monat<=_xlpm.ende_monat),IF($A17="x",2,1),"")) | AK17: =_xlfn.LET( _xlpm.project_monat,AK$3, _xlpm.start_monat,$F17, _xlpm.ende_monat,$G17, IF(AND(_xlpm.project_monat>=_xlpm.start_monat,_xlpm.project_monat<=_xlpm.ende_monat),IF($A17="x",2,1),"")) | AL17: =_xlfn.LET( _xlpm.project_monat,AL$3, _xlpm.start_monat,$F17, _xlpm.ende_monat,$G17, IF(AND(_xlpm.project_monat>=_xlpm.start_monat,_xlpm.project_monat<=_xlpm.ende_monat),IF($A17="x",2,1),"")) | AM17: =_xlfn.LET( _xlpm.project_monat,AM$3, _xlpm.start_monat,$F17, _xlpm.ende_monat,$G17, IF(AND(_xlpm.project_monat>=_xlpm.start_monat,_xlpm.project_monat<=_xlpm.ende_monat),IF($A17="x",2,1),"")) -> 2 | ... DK17: =_xlfn.LET( _xlpm.project_monat,DK$3, _xlpm.start_monat,$F17, _xlpm.ende_monat,$G17, IF(AND(_xlpm.project_monat>=_xlpm.start_monat,_xlpm.project_monat<=_xlpm.ende_monat),IF($A17="x",2,1),"")) | DO17: =$C17 -> 12 | DP17: =IF($A17<>"x",$L17*SUMIFS($AF17:$DK17,$AF$4:$DK$4,Jahresscheiben!C$2),0) -> 0 | DQ17: =IF($A17<>"x",$L17*SUMIFS($AF17:$DK17,$AF$4:$DK$4,Jahresscheiben!D$2),0) -> 0 | DR17: =IF($A17<>"x",$L17*SUMIFS($AF17:$DK17,$AF$4:$DK$4,Jahresscheiben!E$2),0) -> 0 | DS17: =IF($A17<>"x",$L17*SUMIFS($AF17:$DK17,$AF$4:$DK$4,Jahresscheiben!F$2),0) -> 0 | DT17: =IF($A17<>"x",$L17*SUMIFS($AF17:$DK17,$AF$4:$DK$4,Jahresscheiben!G$2),0) -> 0 | DU17: =IF($A17<>"x",$L17*SUMIFS($AF17:$DK17,$AF$4:$DK$4,Jahresscheiben!H$2),0) -> 0 | DV17: =IF($A17<>"x",$L17*SUMIFS($AF17:$DK17,$AF$4:$DK$4,Jahresscheiben!I$2),0) -> 0 | DX17: =$C17 -> 12 | DY17: =IF($A17="x",$L17*SUMIFS($AF17:$DK17,$AF$4:$DK$4,Jahresscheiben!C$2)/2,0) -> 30 | DZ17: =IF($A17="x",$L17*SUMIFS($AF17:$DK17,$AF$4:$DK$4,Jahresscheiben!D$2)/2,0) -> 0 | EA17: =IF($A17="x",$L17*SUMIFS($AF17:$DK17,$AF$4:$DK$4,Jahresscheiben!E$2)/2,0) -> 0 | EB17: =IF($A17="x",$L17*SUMIFS($AF17:$DK17,$AF$4:$DK$4,Jahresscheiben!F$2)/2,0) -> 0 | EC17: =IF($A17="x",$L17*SUMIFS($AF17:$DK17,$AF$4:$DK$4,Jahresscheiben!G$2)/2,0) -> 0 | ED17: =IF($A17="x",$L17*SUMIFS($AF17:$DK17,$AF$4:$DK$4,Jahresscheiben!H$2)/2,0) -> 0 | EE17: =IF($A17="x",$L17*SUMIFS($AF17:$DK17,$AF$4:$DK$4,Jahresscheiben!I$2)/2,0) -> 0 | EG17: =$C17 -> 12 | EH17: {=_xlfn.LET(_xlpm.r,ROW($A$6:$A$65), _xlpm.i,ROW(), _xlpm.top,MAX(_xlfn._xlws.FILTER(_xlpm.r,($A$6:$A$65<>"x")*(_xlpm.r<=_xlpm.i))), _xlpm.tmp,MIN(_xlfn._xlws.FILTER(_xlpm.r,($A$6:$A$65<>"x")*(_xlpm.r>=_xlpm.i))), _xlpm.bot,IF(ISERROR(_xlpm.tmp),MAX(_xlpm.r),_xlpm.tmp), IF(_xlpm.bot=_xlpm.top,0,IF(DP$72,IF(SUM(_xlfn._xlws.FILTER(DY$6:DY$65,(_xlpm.r>_xlpm.top)*(_xlpm.r<_xlpm.bot))),1/SUM(_xlfn._xlws.FILTER(DY$6:DY$65,(_xlpm.r>_xlpm.top)*(_xlpm.r<_xlpm.bot)))*DY$72*INDEX(DP:DP,_xlpm.top)/DP$72,0),0)))} -> 0.98638785 | EI17: {=_xlfn.LET(_xlpm.r,ROW($A$6:$A$65), _xlpm.i,ROW(), _xlpm.top,MAX(_xlfn._xlws.FILTER(_xlpm.r,($A$6:$A$65<>"x")*(_xlpm.r<=_xlpm.i))), _xlpm.tmp,MIN(_xlfn._xlws.FILTER(_xlpm.r,($A$6:$A$65<>"x")*(_xlpm.r>=_xlpm.i))), _xlpm.bot,IF(ISERROR(_xlpm.tmp),MAX(_xlpm.r),_xlpm.tmp), IF(_xlpm.bot=_xlpm.top,0,IF(DQ$72,IF(SUM(_xlfn._xlws.FILTER(DZ$6:DZ$65,(_xlpm.r>_xlpm.top)*(_xlpm.r<_xlpm.bot))),1/SUM(_xlfn._xlws.FILTER(DZ$6:DZ$65,(_xlpm.r>_xlpm.top)*(_xlpm.r<_xlpm.bot)))*DZ$72*INDEX(DQ:DQ,_xlpm.top)/DQ$72,0),0)))} -> 0.92723493 | EJ17: {=_xlfn.LET(_xlpm.r,ROW($A$6:$A$65), _xlpm.i,ROW(), _xlpm.top,MAX(_xlfn._xlws.FILTER(_xlpm.r,($A$6:$A$65<>"x")*(_xlpm.r<=_xlpm.i))), _xlpm.tmp,MIN(_xlfn._xlws.FILTER(_xlpm.r,($A$6:$A$65<>"x")*(_xlpm.r>=_xlpm.i))), _xlpm.bot,IF(ISERROR(_xlpm.tmp),MAX(_xlpm.r),_xlpm.tmp), IF(_xlpm.bot=_xlpm.top,0,IF(DR$72,IF(SUM(_xlfn._xlws.FILTER(EA$6:EA$65,(_xlpm.r>_xlpm.top)*(_xlpm.r<_xlpm.bot))),1/SUM(_xlfn._xlws.FILTER(EA$6:EA$65,(_xlpm.r>_xlpm.top)*(_xlpm.r<_xlpm.bot)))*EA$72*INDEX(DR:DR,_xlpm.top)/DR$72,0),0)))} -> 0 | EK17: {=_xlfn.LET(_xlpm.r,ROW($A$6:$A$65), _xlpm.i,ROW(), _xlpm.top,MAX(_xlfn._xlws.FILTER(_xlpm.r,($A$6:$A$65<>"x")*(_xlpm.r<=_xlpm.i))), _xlpm.tmp,MIN(_xlfn._xlws.FILTER(_xlpm.r,($A$6:$A$65<>"x")*(_xlpm.r>=_xlpm.i))), _xlpm.bot,IF(ISERROR(_xlpm.tmp),MAX(_xlpm.r),_xlpm.tmp), IF(_xlpm.bot=_xlpm.top,0,IF(DS$72,IF(SUM(_xlfn._xlws.FILTER(EB$6:EB$65,(_xlpm.r>_xlpm.top)*(_xlpm.r<_xlpm.bot))),1/SUM(_xlfn._xlws.FILTER(EB$6:EB$65,(_xlpm.r>_xlpm.top)*(_xlpm.r<_xlpm.bot)))*EB$72*INDEX(DS:DS,_xlpm.top)/DS$72,0),0)))} -> 0 | EL17: {=_xlfn.LET(_xlpm.r,ROW($A$6:$A$65), _xlpm.i,ROW(), _xlpm.top,MAX(_xlfn._xlws.FILTER(_xlpm.r,($A$6:$A$65<>"x")*(_xlpm.r<=_xlpm.i))), _xlpm.tmp,MIN(_xlfn._xlws.FILTER(_xlpm.r,($A$6:$A$65<>"x")*(_xlpm.r>=_xlpm.i))), _xlpm.bot,IF(ISERROR(_xlpm.tmp),MAX(_xlpm.r),_xlpm.tmp), IF(_xlpm.bot=_xlpm.top,0,IF(DT$72,IF(SUM(_xlfn._xlws.FILTER(EC$6:EC$65,(_xlpm.r>_xlpm.top)*(_xlpm.r<_xlpm.bot))),1/SUM(_xlfn._xlws.FILTER(EC$6:EC$65,(_xlpm.r>_xlpm.top)*(_xlpm.r<_xlpm.bot)))*EC$72*INDEX(DT:DT,_xlpm.top)/DT$72,0),0)))} -> 0 | EM17: {=_xlfn.LET(_xlpm.r,ROW($A$6:$A$65), _xlpm.i,ROW(), _xlpm.top,MAX(_xlfn._xlws.FILTER(_xlpm.r,($A$6:$A$65<>"x")*(_xlpm.r<=_xlpm.i))), _xlpm.tmp,MIN(_xlfn._xlws.FILTER(_xlpm.r,($A$6:$A$65<>"x")*(_xlpm.r>=_xlpm.i))), _xlpm.bot,IF(ISERROR(_xlpm.tmp),MAX(_xlpm.r),_xlpm.tmp), IF(_xlpm.bot=_xlpm.top,0,IF(DU$72,IF(SUM(_xlfn._xlws.FILTER(ED$6:ED$65,(_xlpm.r>_xlpm.top)*(_xlpm.r<_xlpm.bot))),1/SUM(_xlfn._xlws.FILTER(ED$6:ED$65,(_xlpm.r>_xlpm.top)*(_xlpm.r<_xlpm.bot)))*ED$72*INDEX(DU:DU,_xlpm.top)/DU$72,0),0)))} -> 0 | EN17: {=_xlfn.LET(_xlpm.r,ROW($A$6:$A$65), _xlpm.i,ROW(), _xlpm.top,MAX(_xlfn._xlws.FILTER(_xlpm.r,($A$6:$A$65<>"x")*(_xlpm.r<=_xlpm.i))), _xlpm.tmp,MIN(_xlfn._xlws.FILTER(_xlpm.r,($A$6:$A$65<>"x")*(_xlpm.r>=_xlpm.i))), _xlpm.bot,IF(ISERROR(_xlpm.tmp),MAX(_xlpm.r),_xlpm.tmp), IF(_xlpm.bot=_xlpm.top,0,IF(DV$72,IF(SUM(_xlfn._xlws.FILTER(EE$6:EE$65,(_xlpm.r>_xlpm.top)*(_xlpm.r<_xlpm.bot))),1/SUM(_xlfn._xlws.FILTER(EE$6:EE$65,(_xlpm.r>_xlpm.top)*(_xlpm.r<_xlpm.bot)))*EE$72*INDEX(DV:DV,_xlpm.top)/DV$72,0),0)))} -> 0 | EQ17: =$C17 -> 12 | ER17: =IF($A17<>"x",$P17*SUMIFS($AF17:$DK17,$AF$4:$DK$4,Jahresscheiben!C$2),0) -> 0 | ES17: =IF($A17<>"x",$P17*SUMIFS($AF17:$DK17,$AF$4:$DK$4,Jahresscheiben!D$2),0) -> 0 | ET17: =IF($A17<>"x",$P17*SUMIFS($AF17:$DK17,$AF$4:$DK$4,Jahresscheiben!E$2),0) -> 0 | EU17: =IF($A17<>"x",$P17*SUMIFS($AF17:$DK17,$AF$4:$DK$4,Jahresscheiben!F$2),0) -> 0 | EV17: =IF($A17<>"x",$P17*SUMIFS($AF17:$DK17,$AF$4:$DK$4,Jahresscheiben!G$2),0) -> 0 | EW17: =IF($A17<>"x",$P17*SUMIFS($AF17:$DK17,$AF$4:$DK$4,Jahresscheiben!H$2),0) -> 0 | EX17: =IF($A17<>"x",$P17*SUMIFS($AF17:$DK17,$AF$4:$DK$4,Jahresscheiben!I$2),0) -> 0 | EZ17: =$C17 -> 12 | FA17: =IF($A17="x",$P17*SUMIFS($AF17:$DK17,$AF$4:$DK$4,Jahresscheiben!C$2)/2,0) -> 30 | FB17: =IF($A17="x",$P17*SUMIFS($AF17:$DK17,$AF$4:$DK$4,Jahresscheiben!D$2)/2,0) -> 0 | FC17: =IF($A17="x",$P17*SUMIFS($AF17:$DK17,$AF$4:$DK$4,Jahresscheiben!E$2)/2,0) -> 0 | FD17: =IF($A17="x",$P17*SUMIFS($AF17:$DK17,$AF$4:$DK$4,Jahresscheiben!F$2)/2,0) -> 0 | FE17: =IF($A17="x",$P17*SUMIFS($AF17:$DK17,$AF$4:$DK$4,Jahresscheiben!G$2)/2,0) -> 0 | FF17: =IF($A17="x",$P17*SUMIFS($AF17:$DK17,$AF$4:$DK$4,Jahresscheiben!H$2)/2,0) -> 0 | FG17: =IF($A17="x",$P17*SUMIFS($AF17:$DK17,$AF$4:$DK$4,Jahresscheiben!I$2)/2,0) -> 0 | FI17: =$C17 -> 12 | FJ17: {=_xlfn.LET(_xlpm.r,ROW($A$6:$A$65), _xlpm.i,ROW(), _xlpm.top,MAX(_xlfn._xlws.FILTER(_xlpm.r,($A$6:$A$65<>"x")*(_xlpm.r<=_xlpm.i))), _xlpm.tmp,MIN(_xlfn._xlws.FILTER(_xlpm.r,($A$6:$A$65<>"x")*(_xlpm.r>=_xlpm.i))), _xlpm.bot,IF(ISERROR(_xlpm.tmp),MAX(_xlpm.r),_xlpm.tmp), IF(_xlpm.bot=_xlpm.top,0,IF(ER$72,IF(SUM(_xlfn._xlws.FILTER(FA$6:FA$65,(_xlpm.r>_xlpm.top)*(_xlpm.r<_xlpm.bot))),1/SUM(_xlfn._xlws.FILTER(FA$6:FA$65,(_xlpm.r>_xlpm.top)*(_xlpm.r<_xlpm.bot)))*FA$72*INDEX(ER:ER,_xlpm.top)/ER$72,0),0)))} -> 0.98638785 | FK17: {=_xlfn.LET(_xlpm.r,ROW($A$6:$A$65), _xlpm.i,ROW(), _xlpm.top,MAX(_xlfn._xlws.FILTER(_xlpm.r,($A$6:$A$65<>"x")*(_xlpm.r<=_xlpm.i))), _xlpm.tmp,MIN(_xlfn._xlws.FILTER(_xlpm.r,($A$6:$A$65<>"x")*(_xlpm.r>=_xlpm.i))), _xlpm.bot,IF(ISERROR(_xlpm.tmp),MAX(_xlpm.r),_xlpm.tmp), IF(_xlpm.bot=_xlpm.top,0,IF(ES$72,IF(SUM(_xlfn._xlws.FILTER(FB$6:FB$65,(_xlpm.r>_xlpm.top)*(_xlpm.r<_xlpm.bot))),1/SUM(_xlfn._xlws.FILTER(FB$6:FB$65,(_xlpm.r>_xlpm.top)*(_xlpm.r<_xlpm.bot)))*FB$72*INDEX(ES:ES,_xlpm.top)/ES$72,0),0)))} -> 0.92723493 | FL17: {=_xlfn.LET(_xlpm.r,ROW($A$6:$A$65), _xlpm.i,ROW(), _xlpm.top,MAX(_xlfn._xlws.FILTER(_xlpm.r,($A$6:$A$65<>"x")*(_xlpm.r<=_xlpm.i))), _xlpm.tmp,MIN(_xlfn._xlws.FILTER(_xlpm.r,($A$6:$A$65<>"x")*(_xlpm.r>=_xlpm.i))), _xlpm.bot,IF(ISERROR(_xlpm.tmp),MAX(_xlpm.r),_xlpm.tmp), IF(_xlpm.bot=_xlpm.top,0,IF(ET$72,IF(SUM(_xlfn._xlws.FILTER(FC$6:FC$65,(_xlpm.r>_xlpm.top)*(_xlpm.r<_xlpm.bot))),1/SUM(_xlfn._xlws.FILTER(FC$6:FC$65,(_xlpm.r>_xlpm.top)*(_xlpm.r<_xlpm.bot)))*FC$72*INDEX(ET:ET,_xlpm.top)/ET$72,0),0)))} -> 0 | FM17: {=_xlfn.LET(_xlpm.r,ROW($A$6:$A$65), _xlpm.i,ROW(), _xlpm.top,MAX(_xlfn._xlws.FILTER(_xlpm.r,($A$6:$A$65<>"x")*(_xlpm.r<=_xlpm.i))), _xlpm.tmp,MIN(_xlfn._xlws.FILTER(_xlpm.r,($A$6:$A$65<>"x")*(_xlpm.r>=_xlpm.i))), _xlpm.bot,IF(ISERROR(_xlpm.tmp),MAX(_xlpm.r),_xlpm.tmp), IF(_xlpm.bot=_xlpm.top,0,IF(EU$72,IF(SUM(_xlfn._xlws.FILTER(FD$6:FD$65,(_xlpm.r>_xlpm.top)*(_xlpm.r<_xlpm.bot))),1/SUM(_xlfn._xlws.FILTER(FD$6:FD$65,(_xlpm.r>_xlpm.top)*(_xlpm.r<_xlpm.bot)))*FD$72*INDEX(EU:EU,_xlpm.top)/EU$72,0),0)))} -> 0 | FN17: {=_xlfn.LET(_xlpm.r,ROW($A$6:$A$65), _xlpm.i,ROW(), _xlpm.top,MAX(_xlfn._xlws.FILTER(_xlpm.r,($A$6:$A$65<>"x")*(_xlpm.r<=_xlpm.i))), _xlpm.tmp,MIN(_xlfn._xlws.FILTER(_xlpm.r,($A$6:$A$65<>"x")*(_xlpm.r>=_xlpm.i))), _xlpm.bot,IF(ISERROR(_xlpm.tmp),MAX(_xlpm.r),_xlpm.tmp), IF(_xlpm.bot=_xlpm.top,0,IF(EV$72,IF(SUM(_xlfn._xlws.FILTER(FE$6:FE$65,(_xlpm.r>_xlpm.top)*(_xlpm.r<_xlpm.bot))),1/SUM(_xlfn._xlws.FILTER(FE$6:FE$65,(_xlpm.r>_xlpm.top)*(_xlpm.r<_xlpm.bot)))*FE$72*INDEX(EV:EV,_xlpm.top)/EV$72,0),0)))} -> 0 | FO17: {=_xlfn.LET(_xlpm.r,ROW($A$6:$A$65), _xlpm.i,ROW(), _xlpm.top,MAX(_xlfn._xlws.FILTER(_xlpm.r,($A$6:$A$65<>"x")*(_xlpm.r<=_xlpm.i))), _xlpm.tmp,MIN(_xlfn._xlws.FILTER(_xlpm.r,($A$6:$A$65<>"x")*(_xlpm.r>=_xlpm.i))), _xlpm.bot,IF(ISERROR(_xlpm.tmp),MAX(_xlpm.r),_xlpm.tmp), IF(_xlpm.bot=_xlpm.top,0,IF(EW$72,IF(SUM(_xlfn._xlws.FILTER(FF$6:FF$65,(_xlpm.r>_xlpm.top)*(_xlpm.r<_xlpm.bot))),1/SUM(_xlfn._xlws.FILTER(FF$6:FF$65,(_xlpm.r>_xlpm.top)*(_xlpm.r<_xlpm.bot)))*FF$72*INDEX(EW:EW,_xlpm.top)/EW$72,0),0)))} -> 0 | FP17: {=_xlfn.LET(_xlpm.r,ROW($A$6:$A$65), _xlpm.i,ROW(), _xlpm.top,MAX(_xlfn._xlws.FILTER(_xlpm.r,($A$6:$A$65<>"x")*(_xlpm.r<=_xlpm.i))), _xlpm.tmp,MIN(_xlfn._xlws.FILTER(_xlpm.r,($A$6:$A$65<>"x")*(_xlpm.r>=_xlpm.i))), _xlpm.bot,IF(ISERROR(_xlpm.tmp),MAX(_xlpm.r),_xlpm.tmp), IF(_xlpm.bot=_xlpm.top,0,IF(EX$72,IF(SUM(_xlfn._xlws.FILTER(FG$6:FG$65,(_xlpm.r>_xlpm.top)*(_xlpm.r<_xlpm.bot))),1/SUM(_xlfn._xlws.FILTER(FG$6:FG$65,(_xlpm.r>_xlpm.top)*(_xlpm.r<_xlpm.bot)))*FG$72*INDEX(EX:EX,_xlpm.top)/EX$72,0),0)))} -> 0
A18: x | B18: =LEN(D18) -> 143 | C18: =ROW()-5 -> 13 | D18: 3.2 Vergleich mechanischer Aufnahmevarianten für mehrere Bälle ohne Vakuum bei variierenden Anfahrwinkeln und Geschwindigkeiten (Versuchsreihe) | F18: 9 | G18: 14 | I18: =IF(F18=0,"",EOMONTH(Project_Start,F18-1)) -> 46295 | J18: =IF(G18=0,"",EOMONTH(Project_Start,G18-1)) -> 46446 | L18: 9 | M18: {=_xlfn.LET( _xlpm.Z, _xlfn._xlws.FILTER($DY$6:$EE$65,$DX$6:$DX$65=C18), _xlpm.Q,_xlfn._xlws.FILTER($DP$6:$DV$65,$DO$6:$DO$65=C18), IF($A18="x",SUMPRODUCT(_xlpm.Z,$DY$73:$EE$73,EH18:EN18),SUMPRODUCT(_xlpm.Q,$DP$73:$DV$73)))} -> 0 | N18: {=_xlfn.LET( _xlpm.Z, SUM(IF($A18="x",_xlfn._xlws.FILTER($M$6:$M$65,$A$6:$A$65="x"),_xlfn._xlws.FILTER($M$6:$M$65,$A$6:$A$65<>"x"))), IF(_xlpm.Z<>0,M18/_xlpm.Z,""))} | P18: =L18 -> 9 | Q18: {=_xlfn.LET( _xlpm.Z, _xlfn._xlws.FILTER($FA$6:$FG$65,$EZ$6:$EZ$65=C18), _xlpm.Q,_xlfn._xlws.FILTER($ER$6:$EX$65,$EQ$6:$EQ$65=C18), IF($A18="x",SUMPRODUCT(_xlpm.Z,$FA$73:$FG$73,FJ18:FP18),SUMPRODUCT(_xlpm.Q,$ER$73:$EX$73)))} -> 0 | R18: {=_xlfn.LET( _xlpm.Z, SUM(IF($A18="x",_xlfn._xlws.FILTER($Q$6:$Q$65,$A$6:$A$65="x"),_xlfn._xlws.FILTER($Q$6:$Q$65,$A$6:$A$65<>"x"))), IF(_xlpm.Z<>0,Q18/_xlpm.Z,""))} | AF18: =_xlfn.LET( _xlpm.project_monat,AF$3, _xlpm.start_monat,$F18, _xlpm.ende_monat,$G18, IF(AND(_xlpm.project_monat>=_xlpm.start_monat,_xlpm.project_monat<=_xlpm.ende_monat),IF($A18="x",2,1),"")) | AG18: =_xlfn.LET( _xlpm.project_monat,AG$3, _xlpm.start_monat,$F18, _xlpm.ende_monat,$G18, IF(AND(_xlpm.project_monat>=_xlpm.start_monat,_xlpm.project_monat<=_xlpm.ende_monat),IF($A18="x",2,1),"")) | AH18: =_xlfn.LET( _xlpm.project_monat,AH$3, _xlpm.start_monat,$F18, _xlpm.ende_monat,$G18, IF(AND(_xlpm.project_monat>=_xlpm.start_monat,_xlpm.project_monat<=_xlpm.ende_monat),IF($A18="x",2,1),"")) | AI18: =_xlfn.LET( _xlpm.project_monat,AI$3, _xlpm.start_monat,$F18, _xlpm.ende_monat,$G18, IF(AND(_xlpm.project_monat>=_xlpm.start_monat,_xlpm.project_monat<=_xlpm.ende_monat),IF($A18="x",2,1),"")) | AJ18: =_xlfn.LET( _xlpm.project_monat,AJ$3, _xlpm.start_monat,$F18, _xlpm.ende_monat,$G18, IF(AND(_xlpm.project_monat>=_xlpm.start_monat,_xlpm.project_monat<=_xlpm.ende_monat),IF($A18="x",2,1),"")) | AK18: =_xlfn.LET( _xlpm.project_monat,AK$3, _xlpm.start_monat,$F18, _xlpm.ende_monat,$G18, IF(AND(_xlpm.project_monat>=_xlpm.start_monat,_xlpm.project_monat<=_xlpm.ende_monat),IF($A18="x",2,1),"")) | AL18: =_xlfn.LET( _xlpm.project_monat,AL$3, _xlpm.start_monat,$F18, _xlpm.ende_monat,$G18, IF(AND(_xlpm.project_monat>=_xlpm.start_monat,_xlpm.project_monat<=_xlpm.ende_monat),IF($A18="x",2,1),"")) | AM18: =_xlfn.LET( _xlpm.project_monat,AM$3, _xlpm.start_monat,$F18, _xlpm.ende_monat,$G18, IF(AND(_xlpm.project_monat>=_xlpm.start_monat,_xlpm.project_monat<=_xlpm.ende_monat),IF($A18="x",2,1),"")) | ... DK18: =_xlfn.LET( _xlpm.project_monat,DK$3, _xlpm.start_monat,$F18, _xlpm.ende_monat,$G18, IF(AND(_xlpm.project_monat>=_xlpm.start_monat,_xlpm.project_monat<=_xlpm.ende_monat),IF($A18="x",2,1),"")) | DO18: =$C18 -> 13 | DP18: =IF($A18<>"x",$L18*SUMIFS($AF18:$DK18,$AF$4:$DK$4,Jahresscheiben!C$2),0) -> 0 | DQ18: =IF($A18<>"x",$L18*SUMIFS($AF18:$DK18,$AF$4:$DK$4,Jahresscheiben!D$2),0) -> 0 | DR18: =IF($A18<>"x",$L18*SUMIFS($AF18:$DK18,$AF$4:$DK$4,Jahresscheiben!E$2),0) -> 0 | DS18: =IF($A18<>"x",$L18*SUMIFS($AF18:$DK18,$AF$4:$DK$4,Jahresscheiben!F$2),0) -> 0 | DT18: =IF($A18<>"x",$L18*SUMIFS($AF18:$DK18,$AF$4:$DK$4,Jahresscheiben!G$2),0) -> 0 | DU18: =IF($A18<>"x",$L18*SUMIFS($AF18:$DK18,$AF$4:$DK$4,Jahresscheiben!H$2),0) -> 0 | DV18: =IF($A18<>"x",$L18*SUMIFS($AF18:$DK18,$AF$4:$DK$4,Jahresscheiben!I$2),0) -> 0 | DX18: =$C18 -> 13 | DY18: =IF($A18="x",$L18*SUMIFS($AF18:$DK18,$AF$4:$DK$4,Jahresscheiben!C$2)/2,0) -> 36 | DZ18: =IF($A18="x",$L18*SUMIFS($AF18:$DK18,$AF$4:$DK$4,Jahresscheiben!D$2)/2,0) -> 18 | EA18: =IF($A18="x",$L18*SUMIFS($AF18:$DK18,$AF$4:$DK$4,Jahresscheiben!E$2)/2,0) -> 0 | EB18: =IF($A18="x",$L18*SUMIFS($AF18:$DK18,$AF$4:$DK$4,Jahresscheiben!F$2)/2,0) -> 0 | EC18: =IF($A18="x",$L18*SUMIFS($AF18:$DK18,$AF$4:$DK$4,Jahresscheiben!G$2)/2,0) -> 0 | ED18: =IF($A18="x",$L18*SUMIFS($AF18:$DK18,$AF$4:$DK$4,Jahresscheiben!H$2)/2,0) -> 0 | EE18: =IF($A18="x",$L18*SUMIFS($AF18:$DK18,$AF$4:$DK$4,Jahresscheiben!I$2)/2,0) -> 0 | EG18: =$C18 -> 13 | EH18: {=_xlfn.LET(_xlpm.r,ROW($A$6:$A$65), _xlpm.i,ROW(), _xlpm.top,MAX(_xlfn._xlws.FILTER(_xlpm.r,($A$6:$A$65<>"x")*(_xlpm.r<=_xlpm.i))), _xlpm.tmp,MIN(_xlfn._xlws.FILTER(_xlpm.r,($A$6:$A$65<>"x")*(_xlpm.r>=_xlpm.i))), _xlpm.bot,IF(ISERROR(_xlpm.tmp),MAX(_xlpm.r),_xlpm.tmp), IF(_xlpm.bot=_xlpm.top,0,IF(DP$72,IF(SUM(_xlfn._xlws.FILTER(DY$6:DY$65,(_xlpm.r>_xlpm.top)*(_xlpm.r<_xlpm.bot))),1/SUM(_xlfn._xlws.FILTER(DY$6:DY$65,(_xlpm.r>_xlpm.top)*(_xlpm.r<_xlpm.bot)))*DY$72*INDEX(DP:DP,_xlpm.top)/DP$72,0),0)))} -> 0.98638785 | EI18: {=_xlfn.LET(_xlpm.r,ROW($A$6:$A$65), _xlpm.i,ROW(), _xlpm.top,MAX(_xlfn._xlws.FILTER(_xlpm.r,($A$6:$A$65<>"x")*(_xlpm.r<=_xlpm.i))), _xlpm.tmp,MIN(_xlfn._xlws.FILTER(_xlpm.r,($A$6:$A$65<>"x")*(_xlpm.r>=_xlpm.i))), _xlpm.bot,IF(ISERROR(_xlpm.tmp),MAX(_xlpm.r),_xlpm.tmp), IF(_xlpm.bot=_xlpm.top,0,IF(DQ$72,IF(SUM(_xlfn._xlws.FILTER(DZ$6:DZ$65,(_xlpm.r>_xlpm.top)*(_xlpm.r<_xlpm.bot))),1/SUM(_xlfn._xlws.FILTER(DZ$6:DZ$65,(_xlpm.r>_xlpm.top)*(_xlpm.r<_xlpm.bot)))*DZ$72*INDEX(DQ:DQ,_xlpm.top)/DQ$72,0),0)))} -> 0.92723493 | EJ18: {=_xlfn.LET(_xlpm.r,ROW($A$6:$A$65), _xlpm.i,ROW(), _xlpm.top,MAX(_xlfn._xlws.FILTER(_xlpm.r,($A$6:$A$65<>"x")*(_xlpm.r<=_xlpm.i))), _xlpm.tmp,MIN(_xlfn._xlws.FILTER(_xlpm.r,($A$6:$A$65<>"x")*(_xlpm.r>=_xlpm.i))), _xlpm.bot,IF(ISERROR(_xlpm.tmp),MAX(_xlpm.r),_xlpm.tmp), IF(_xlpm.bot=_xlpm.top,0,IF(DR$72,IF(SUM(_xlfn._xlws.FILTER(EA$6:EA$65,(_xlpm.r>_xlpm.top)*(_xlpm.r<_xlpm.bot))),1/SUM(_xlfn._xlws.FILTER(EA$6:EA$65,(_xlpm.r>_xlpm.top)*(_xlpm.r<_xlpm.bot)))*EA$72*INDEX(DR:DR,_xlpm.top)/DR$72,0),0)))} -> 0 | EK18: {=_xlfn.LET(_xlpm.r,ROW($A$6:$A$65), _xlpm.i,ROW(), _xlpm.top,MAX(_xlfn._xlws.FILTER(_xlpm.r,($A$6:$A$65<>"x")*(_xlpm.r<=_xlpm.i))), _xlpm.tmp,MIN(_xlfn._xlws.FILTER(_xlpm.r,($A$6:$A$65<>"x")*(_xlpm.r>=_xlpm.i))), _xlpm.bot,IF(ISERROR(_xlpm.tmp),MAX(_xlpm.r),_xlpm.tmp), IF(_xlpm.bot=_xlpm.top,0,IF(DS$72,IF(SUM(_xlfn._xlws.FILTER(EB$6:EB$65,(_xlpm.r>_xlpm.top)*(_xlpm.r<_xlpm.bot))),1/SUM(_xlfn._xlws.FILTER(EB$6:EB$65,(_xlpm.r>_xlpm.top)*(_xlpm.r<_xlpm.bot)))*EB$72*INDEX(DS:DS,_xlpm.top)/DS$72,0),0)))} -> 0 | EL18: {=_xlfn.LET(_xlpm.r,ROW($A$6:$A$65), _xlpm.i,ROW(), _xlpm.top,MAX(_xlfn._xlws.FILTER(_xlpm.r,($A$6:$A$65<>"x")*(_xlpm.r<=_xlpm.i))), _xlpm.tmp,MIN(_xlfn._xlws.FILTER(_xlpm.r,($A$6:$A$65<>"x")*(_xlpm.r>=_xlpm.i))), _xlpm.bot,IF(ISERROR(_xlpm.tmp),MAX(_xlpm.r),_xlpm.tmp), IF(_xlpm.bot=_xlpm.top,0,IF(DT$72,IF(SUM(_xlfn._xlws.FILTER(EC$6:EC$65,(_xlpm.r>_xlpm.top)*(_xlpm.r<_xlpm.bot))),1/SUM(_xlfn._xlws.FILTER(EC$6:EC$65,(_xlpm.r>_xlpm.top)*(_xlpm.r<_xlpm.bot)))*EC$72*INDEX(DT:DT,_xlpm.top)/DT$72,0),0)))} -> 0 | EM18: {=_xlfn.LET(_xlpm.r,ROW($A$6:$A$65), _xlpm.i,ROW(), _xlpm.top,MAX(_xlfn._xlws.FILTER(_xlpm.r,($A$6:$A$65<>"x")*(_xlpm.r<=_xlpm.i))), _xlpm.tmp,MIN(_xlfn._xlws.FILTER(_xlpm.r,($A$6:$A$65<>"x")*(_xlpm.r>=_xlpm.i))), _xlpm.bot,IF(ISERROR(_xlpm.tmp),MAX(_xlpm.r),_xlpm.tmp), IF(_xlpm.bot=_xlpm.top,0,IF(DU$72,IF(SUM(_xlfn._xlws.FILTER(ED$6:ED$65,(_xlpm.r>_xlpm.top)*(_xlpm.r<_xlpm.bot))),1/SUM(_xlfn._xlws.FILTER(ED$6:ED$65,(_xlpm.r>_xlpm.top)*(_xlpm.r<_xlpm.bot)))*ED$72*INDEX(DU:DU,_xlpm.top)/DU$72,0),0)))} -> 0 | EN18: {=_xlfn.LET(_xlpm.r,ROW($A$6:$A$65), _xlpm.i,ROW(), _xlpm.top,MAX(_xlfn._xlws.FILTER(_xlpm.r,($A$6:$A$65<>"x")*(_xlpm.r<=_xlpm.i))), _xlpm.tmp,MIN(_xlfn._xlws.FILTER(_xlpm.r,($A$6:$A$65<>"x")*(_xlpm.r>=_xlpm.i))), _xlpm.bot,IF(ISERROR(_xlpm.tmp),MAX(_xlpm.r),_xlpm.tmp), IF(_xlpm.bot=_xlpm.top,0,IF(DV$72,IF(SUM(_xlfn._xlws.FILTER(EE$6:EE$65,(_xlpm.r>_xlpm.top)*(_xlpm.r<_xlpm.bot))),1/SUM(_xlfn._xlws.FILTER(EE$6:EE$65,(_xlpm.r>_xlpm.top)*(_xlpm.r<_xlpm.bot)))*EE$72*INDEX(DV:DV,_xlpm.top)/DV$72,0),0)))} -> 0 | EQ18: =$C18 -> 13 | ER18: =IF($A18<>"x",$P18*SUMIFS($AF18:$DK18,$AF$4:$DK$4,Jahresscheiben!C$2),0) -> 0 | ES18: =IF($A18<>"x",$P18*SUMIFS($AF18:$DK18,$AF$4:$DK$4,Jahresscheiben!D$2),0) -> 0 | ET18: =IF($A18<>"x",$P18*SUMIFS($AF18:$DK18,$AF$4:$DK$4,Jahresscheiben!E$2),0) -> 0 | EU18: =IF($A18<>"x",$P18*SUMIFS($AF18:$DK18,$AF$4:$DK$4,Jahresscheiben!F$2),0) -> 0 | EV18: =IF($A18<>"x",$P18*SUMIFS($AF18:$DK18,$AF$4:$DK$4,Jahresscheiben!G$2),0) -> 0 | EW18: =IF($A18<>"x",$P18*SUMIFS($AF18:$DK18,$AF$4:$DK$4,Jahresscheiben!H$2),0) -> 0 | EX18: =IF($A18<>"x",$P18*SUMIFS($AF18:$DK18,$AF$4:$DK$4,Jahresscheiben!I$2),0) -> 0 | EZ18: =$C18 -> 13 | FA18: =IF($A18="x",$P18*SUMIFS($AF18:$DK18,$AF$4:$DK$4,Jahresscheiben!C$2)/2,0) -> 36 | FB18: =IF($A18="x",$P18*SUMIFS($AF18:$DK18,$AF$4:$DK$4,Jahresscheiben!D$2)/2,0) -> 18 | FC18: =IF($A18="x",$P18*SUMIFS($AF18:$DK18,$AF$4:$DK$4,Jahresscheiben!E$2)/2,0) -> 0 | FD18: =IF($A18="x",$P18*SUMIFS($AF18:$DK18,$AF$4:$DK$4,Jahresscheiben!F$2)/2,0) -> 0 | FE18: =IF($A18="x",$P18*SUMIFS($AF18:$DK18,$AF$4:$DK$4,Jahresscheiben!G$2)/2,0) -> 0 | FF18: =IF($A18="x",$P18*SUMIFS($AF18:$DK18,$AF$4:$DK$4,Jahresscheiben!H$2)/2,0) -> 0 | FG18: =IF($A18="x",$P18*SUMIFS($AF18:$DK18,$AF$4:$DK$4,Jahresscheiben!I$2)/2,0) -> 0 | FI18: =$C18 -> 13 | FJ18: {=_xlfn.LET(_xlpm.r,ROW($A$6:$A$65), _xlpm.i,ROW(), _xlpm.top,MAX(_xlfn._xlws.FILTER(_xlpm.r,($A$6:$A$65<>"x")*(_xlpm.r<=_xlpm.i))), _xlpm.tmp,MIN(_xlfn._xlws.FILTER(_xlpm.r,($A$6:$A$65<>"x")*(_xlpm.r>=_xlpm.i))), _xlpm.bot,IF(ISERROR(_xlpm.tmp),MAX(_xlpm.r),_xlpm.tmp), IF(_xlpm.bot=_xlpm.top,0,IF(ER$72,IF(SUM(_xlfn._xlws.FILTER(FA$6:FA$65,(_xlpm.r>_xlpm.top)*(_xlpm.r<_xlpm.bot))),1/SUM(_xlfn._xlws.FILTER(FA$6:FA$65,(_xlpm.r>_xlpm.top)*(_xlpm.r<_xlpm.bot)))*FA$72*INDEX(ER:ER,_xlpm.top)/ER$72,0),0)))} -> 0.98638785 | FK18: {=_xlfn.LET(_xlpm.r,ROW($A$6:$A$65), _xlpm.i,ROW(), _xlpm.top,MAX(_xlfn._xlws.FILTER(_xlpm.r,($A$6:$A$65<>"x")*(_xlpm.r<=_xlpm.i))), _xlpm.tmp,MIN(_xlfn._xlws.FILTER(_xlpm.r,($A$6:$A$65<>"x")*(_xlpm.r>=_xlpm.i))), _xlpm.bot,IF(ISERROR(_xlpm.tmp),MAX(_xlpm.r),_xlpm.tmp), IF(_xlpm.bot=_xlpm.top,0,IF(ES$72,IF(SUM(_xlfn._xlws.FILTER(FB$6:FB$65,(_xlpm.r>_xlpm.top)*(_xlpm.r<_xlpm.bot))),1/SUM(_xlfn._xlws.FILTER(FB$6:FB$65,(_xlpm.r>_xlpm.top)*(_xlpm.r<_xlpm.bot)))*FB$72*INDEX(ES:ES,_xlpm.top)/ES$72,0),0)))} -> 0.92723493 | FL18: {=_xlfn.LET(_xlpm.r,ROW($A$6:$A$65), _xlpm.i,ROW(), _xlpm.top,MAX(_xlfn._xlws.FILTER(_xlpm.r,($A$6:$A$65<>"x")*(_xlpm.r<=_xlpm.i))), _xlpm.tmp,MIN(_xlfn._xlws.FILTER(_xlpm.r,($A$6:$A$65<>"x")*(_xlpm.r>=_xlpm.i))), _xlpm.bot,IF(ISERROR(_xlpm.tmp),MAX(_xlpm.r),_xlpm.tmp), IF(_xlpm.bot=_xlpm.top,0,IF(ET$72,IF(SUM(_xlfn._xlws.FILTER(FC$6:FC$65,(_xlpm.r>_xlpm.top)*(_xlpm.r<_xlpm.bot))),1/SUM(_xlfn._xlws.FILTER(FC$6:FC$65,(_xlpm.r>_xlpm.top)*(_xlpm.r<_xlpm.bot)))*FC$72*INDEX(ET:ET,_xlpm.top)/ET$72,0),0)))} -> 0 | FM18: {=_xlfn.LET(_xlpm.r,ROW($A$6:$A$65), _xlpm.i,ROW(), _xlpm.top,MAX(_xlfn._xlws.FILTER(_xlpm.r,($A$6:$A$65<>"x")*(_xlpm.r<=_xlpm.i))), _xlpm.tmp,MIN(_xlfn._xlws.FILTER(_xlpm.r,($A$6:$A$65<>"x")*(_xlpm.r>=_xlpm.i))), _xlpm.bot,IF(ISERROR(_xlpm.tmp),MAX(_xlpm.r),_xlpm.tmp), IF(_xlpm.bot=_xlpm.top,0,IF(EU$72,IF(SUM(_xlfn._xlws.FILTER(FD$6:FD$65,(_xlpm.r>_xlpm.top)*(_xlpm.r<_xlpm.bot))),1/SUM(_xlfn._xlws.FILTER(FD$6:FD$65,(_xlpm.r>_xlpm.top)*(_xlpm.r<_xlpm.bot)))*FD$72*INDEX(EU:EU,_xlpm.top)/EU$72,0),0)))} -> 0 | FN18: {=_xlfn.LET(_xlpm.r,ROW($A$6:$A$65), _xlpm.i,ROW(), _xlpm.top,MAX(_xlfn._xlws.FILTER(_xlpm.r,($A$6:$A$65<>"x")*(_xlpm.r<=_xlpm.i))), _xlpm.tmp,MIN(_xlfn._xlws.FILTER(_xlpm.r,($A$6:$A$65<>"x")*(_xlpm.r>=_xlpm.i))), _xlpm.bot,IF(ISERROR(_xlpm.tmp),MAX(_xlpm.r),_xlpm.tmp), IF(_xlpm.bot=_xlpm.top,0,IF(EV$72,IF(SUM(_xlfn._xlws.FILTER(FE$6:FE$65,(_xlpm.r>_xlpm.top)*(_xlpm.r<_xlpm.bot))),1/SUM(_xlfn._xlws.FILTER(FE$6:FE$65,(_xlpm.r>_xlpm.top)*(_xlpm.r<_xlpm.bot)))*FE$72*INDEX(EV:EV,_xlpm.top)/EV$72,0),0)))} -> 0 | FO18: {=_xlfn.LET(_xlpm.r,ROW($A$6:$A$65), _xlpm.i,ROW(), _xlpm.top,MAX(_xlfn._xlws.FILTER(_xlpm.r,($A$6:$A$65<>"x")*(_xlpm.r<=_xlpm.i))), _xlpm.tmp,MIN(_xlfn._xlws.FILTER(_xlpm.r,($A$6:$A$65<>"x")*(_xlpm.r>=_xlpm.i))), _xlpm.bot,IF(ISERROR(_xlpm.tmp),MAX(_xlpm.r),_xlpm.tmp), IF(_xlpm.bot=_xlpm.top,0,IF(EW$72,IF(SUM(_xlfn._xlws.FILTER(FF$6:FF$65,(_xlpm.r>_xlpm.top)*(_xlpm.r<_xlpm.bot))),1/SUM(_xlfn._xlws.FILTER(FF$6:FF$65,(_xlpm.r>_xlpm.top)*(_xlpm.r<_xlpm.bot)))*FF$72*INDEX(EW:EW,_xlpm.top)/EW$72,0),0)))} -> 0 | FP18: {=_xlfn.LET(_xlpm.r,ROW($A$6:$A$65), _xlpm.i,ROW(), _xlpm.top,MAX(_xlfn._xlws.FILTER(_xlpm.r,($A$6:$A$65<>"x")*(_xlpm.r<=_xlpm.i))), _xlpm.tmp,MIN(_xlfn._xlws.FILTER(_xlpm.r,($A$6:$A$65<>"x")*(_xlpm.r>=_xlpm.i))), _xlpm.bot,IF(ISERROR(_xlpm.tmp),MAX(_xlpm.r),_xlpm.tmp), IF(_xlpm.bot=_xlpm.top,0,IF(EX$72,IF(SUM(_xlfn._xlws.FILTER(FG$6:FG$65,(_xlpm.r>_xlpm.top)*(_xlpm.r<_xlpm.bot))),1/SUM(_xlfn._xlws.FILTER(FG$6:FG$65,(_xlpm.r>_xlpm.top)*(_xlpm.r<_xlpm.bot)))*FG$72*INDEX(EX:EX,_xlpm.top)/EX$72,0),0)))} -> 0
A19: x | B19: =LEN(D19) -> 144 | C19: =ROW()-5 -> 14 | D19: 3.3 Ermittlung von Sammelquote, Ballabprall, Blockaderate und Energiebedarf mittels Kraft-, Strom- und Hochgeschwindigkeitsmessung (Messanalyse) | F19: 12 | G19: 16 | I19: =IF(F19=0,"",EOMONTH(Project_Start,F19-1)) -> 46387 | J19: =IF(G19=0,"",EOMONTH(Project_Start,G19-1)) -> 46507 | L19: 8 | M19: {=_xlfn.LET( _xlpm.Z, _xlfn._xlws.FILTER($DY$6:$EE$65,$DX$6:$DX$65=C19), _xlpm.Q,_xlfn._xlws.FILTER($DP$6:$DV$65,$DO$6:$DO$65=C19), IF($A19="x",SUMPRODUCT(_xlpm.Z,$DY$73:$EE$73,EH19:EN19),SUMPRODUCT(_xlpm.Q,$DP$73:$DV$73)))} -> 0 | N19: {=_xlfn.LET( _xlpm.Z, SUM(IF($A19="x",_xlfn._xlws.FILTER($M$6:$M$65,$A$6:$A$65="x"),_xlfn._xlws.FILTER($M$6:$M$65,$A$6:$A$65<>"x"))), IF(_xlpm.Z<>0,M19/_xlpm.Z,""))} | P19: =L19 -> 8 | Q19: {=_xlfn.LET( _xlpm.Z, _xlfn._xlws.FILTER($FA$6:$FG$65,$EZ$6:$EZ$65=C19), _xlpm.Q,_xlfn._xlws.FILTER($ER$6:$EX$65,$EQ$6:$EQ$65=C19), IF($A19="x",SUMPRODUCT(_xlpm.Z,$FA$73:$FG$73,FJ19:FP19),SUMPRODUCT(_xlpm.Q,$ER$73:$EX$73)))} -> 0 | R19: {=_xlfn.LET( _xlpm.Z, SUM(IF($A19="x",_xlfn._xlws.FILTER($Q$6:$Q$65,$A$6:$A$65="x"),_xlfn._xlws.FILTER($Q$6:$Q$65,$A$6:$A$65<>"x"))), IF(_xlpm.Z<>0,Q19/_xlpm.Z,""))} | AF19: =_xlfn.LET( _xlpm.project_monat,AF$3, _xlpm.start_monat,$F19, _xlpm.ende_monat,$G19, IF(AND(_xlpm.project_monat>=_xlpm.start_monat,_xlpm.project_monat<=_xlpm.ende_monat),IF($A19="x",2,1),"")) | AG19: =_xlfn.LET( _xlpm.project_monat,AG$3, _xlpm.start_monat,$F19, _xlpm.ende_monat,$G19, IF(AND(_xlpm.project_monat>=_xlpm.start_monat,_xlpm.project_monat<=_xlpm.ende_monat),IF($A19="x",2,1),"")) | AH19: =_xlfn.LET( _xlpm.project_monat,AH$3, _xlpm.start_monat,$F19, _xlpm.ende_monat,$G19, IF(AND(_xlpm.project_monat>=_xlpm.start_monat,_xlpm.project_monat<=_xlpm.ende_monat),IF($A19="x",2,1),"")) | AI19: =_xlfn.LET( _xlpm.project_monat,AI$3, _xlpm.start_monat,$F19, _xlpm.ende_monat,$G19, IF(AND(_xlpm.project_monat>=_xlpm.start_monat,_xlpm.project_monat<=_xlpm.ende_monat),IF($A19="x",2,1),"")) | AJ19: =_xlfn.LET( _xlpm.project_monat,AJ$3, _xlpm.start_monat,$F19, _xlpm.ende_monat,$G19, IF(AND(_xlpm.project_monat>=_xlpm.start_monat,_xlpm.project_monat<=_xlpm.ende_monat),IF($A19="x",2,1),"")) | AK19: =_xlfn.LET( _xlpm.project_monat,AK$3, _xlpm.start_monat,$F19, _xlpm.ende_monat,$G19, IF(AND(_xlpm.project_monat>=_xlpm.start_monat,_xlpm.project_monat<=_xlpm.ende_monat),IF($A19="x",2,1),"")) | AL19: =_xlfn.LET( _xlpm.project_monat,AL$3, _xlpm.start_monat,$F19, _xlpm.ende_monat,$G19, IF(AND(_xlpm.project_monat>=_xlpm.start_monat,_xlpm.project_monat<=_xlpm.ende_monat),IF($A19="x",2,1),"")) | AM19: =_xlfn.LET( _xlpm.project_monat,AM$3, _xlpm.start_monat,$F19, _xlpm.ende_monat,$G19, IF(AND(_xlpm.project_monat>=_xlpm.start_monat,_xlpm.project_monat<=_xlpm.ende_monat),IF($A19="x",2,1),"")) | ... DK19: =_xlfn.LET( _xlpm.project_monat,DK$3, _xlpm.start_monat,$F19, _xlpm.ende_monat,$G19, IF(AND(_xlpm.project_monat>=_xlpm.start_monat,_xlpm.project_monat<=_xlpm.ende_monat),IF($A19="x",2,1),"")) | DO19: =$C19 -> 14 | DP19: =IF($A19<>"x",$L19*SUMIFS($AF19:$DK19,$AF$4:$DK$4,Jahresscheiben!C$2),0) -> 0 | DQ19: =IF($A19<>"x",$L19*SUMIFS($AF19:$DK19,$AF$4:$DK$4,Jahresscheiben!D$2),0) -> 0 | DR19: =IF($A19<>"x",$L19*SUMIFS($AF19:$DK19,$AF$4:$DK$4,Jahresscheiben!E$2),0) -> 0 | DS19: =IF($A19<>"x",$L19*SUMIFS($AF19:$DK19,$AF$4:$DK$4,Jahresscheiben!F$2),0) -> 0 | DT19: =IF($A19<>"x",$L19*SUMIFS($AF19:$DK19,$AF$4:$DK$4,Jahresscheiben!G$2),0) -> 0 | DU19: =IF($A19<>"x",$L19*SUMIFS($AF19:$DK19,$AF$4:$DK$4,Jahresscheiben!H$2),0) -> 0 | DV19: =IF($A19<>"x",$L19*SUMIFS($AF19:$DK19,$AF$4:$DK$4,Jahresscheiben!I$2),0) -> 0 | DX19: =$C19 -> 14 | DY19: =IF($A19="x",$L19*SUMIFS($AF19:$DK19,$AF$4:$DK$4,Jahresscheiben!C$2)/2,0) -> 8 | DZ19: =IF($A19="x",$L19*SUMIFS($AF19:$DK19,$AF$4:$DK$4,Jahresscheiben!D$2)/2,0) -> 32 | EA19: =IF($A19="x",$L19*SUMIFS($AF19:$DK19,$AF$4:$DK$4,Jahresscheiben!E$2)/2,0) -> 0 | EB19: =IF($A19="x",$L19*SUMIFS($AF19:$DK19,$AF$4:$DK$4,Jahresscheiben!F$2)/2,0) -> 0 | EC19: =IF($A19="x",$L19*SUMIFS($AF19:$DK19,$AF$4:$DK$4,Jahresscheiben!G$2)/2,0) -> 0 | ED19: =IF($A19="x",$L19*SUMIFS($AF19:$DK19,$AF$4:$DK$4,Jahresscheiben!H$2)/2,0) -> 0 | EE19: =IF($A19="x",$L19*SUMIFS($AF19:$DK19,$AF$4:$DK$4,Jahresscheiben!I$2)/2,0) -> 0 | EG19: =$C19 -> 14 | EH19: {=_xlfn.LET(_xlpm.r,ROW($A$6:$A$65), _xlpm.i,ROW(), _xlpm.top,MAX(_xlfn._xlws.FILTER(_xlpm.r,($A$6:$A$65<>"x")*(_xlpm.r<=_xlpm.i))), _xlpm.tmp,MIN(_xlfn._xlws.FILTER(_xlpm.r,($A$6:$A$65<>"x")*(_xlpm.r>=_xlpm.i))), _xlpm.bot,IF(ISERROR(_xlpm.tmp),MAX(_xlpm.r),_xlpm.tmp), IF(_xlpm.bot=_xlpm.top,0,IF(DP$72,IF(SUM(_xlfn._xlws.FILTER(DY$6:DY$65,(_xlpm.r>_xlpm.top)*(_xlpm.r<_xlpm.bot))),1/SUM(_xlfn._xlws.FILTER(DY$6:DY$65,(_xlpm.r>_xlpm.top)*(_xlpm.r<_xlpm.bot)))*DY$72*INDEX(DP:DP,_xlpm.top)/DP$72,0),0)))} -> 0.98638785 | EI19: {=_xlfn.LET(_xlpm.r,ROW($A$6:$A$65), _xlpm.i,ROW(), _xlpm.top,MAX(_xlfn._xlws.FILTER(_xlpm.r,($A$6:$A$65<>"x")*(_xlpm.r<=_xlpm.i))), _xlpm.tmp,MIN(_xlfn._xlws.FILTER(_xlpm.r,($A$6:$A$65<>"x")*(_xlpm.r>=_xlpm.i))), _xlpm.bot,IF(ISERROR(_xlpm.tmp),MAX(_xlpm.r),_xlpm.tmp), IF(_xlpm.bot=_xlpm.top,0,IF(DQ$72,IF(SUM(_xlfn._xlws.FILTER(DZ$6:DZ$65,(_xlpm.r>_xlpm.top)*(_xlpm.r<_xlpm.bot))),1/SUM(_xlfn._xlws.FILTER(DZ$6:DZ$65,(_xlpm.r>_xlpm.top)*(_xlpm.r<_xlpm.bot)))*DZ$72*INDEX(DQ:DQ,_xlpm.top)/DQ$72,0),0)))} -> 0.92723493 | EJ19: {=_xlfn.LET(_xlpm.r,ROW($A$6:$A$65), _xlpm.i,ROW(), _xlpm.top,MAX(_xlfn._xlws.FILTER(_xlpm.r,($A$6:$A$65<>"x")*(_xlpm.r<=_xlpm.i))), _xlpm.tmp,MIN(_xlfn._xlws.FILTER(_xlpm.r,($A$6:$A$65<>"x")*(_xlpm.r>=_xlpm.i))), _xlpm.bot,IF(ISERROR(_xlpm.tmp),MAX(_xlpm.r),_xlpm.tmp), IF(_xlpm.bot=_xlpm.top,0,IF(DR$72,IF(SUM(_xlfn._xlws.FILTER(EA$6:EA$65,(_xlpm.r>_xlpm.top)*(_xlpm.r<_xlpm.bot))),1/SUM(_xlfn._xlws.FILTER(EA$6:EA$65,(_xlpm.r>_xlpm.top)*(_xlpm.r<_xlpm.bot)))*EA$72*INDEX(DR:DR,_xlpm.top)/DR$72,0),0)))} -> 0 | EK19: {=_xlfn.LET(_xlpm.r,ROW($A$6:$A$65), _xlpm.i,ROW(), _xlpm.top,MAX(_xlfn._xlws.FILTER(_xlpm.r,($A$6:$A$65<>"x")*(_xlpm.r<=_xlpm.i))), _xlpm.tmp,MIN(_xlfn._xlws.FILTER(_xlpm.r,($A$6:$A$65<>"x")*(_xlpm.r>=_xlpm.i))), _xlpm.bot,IF(ISERROR(_xlpm.tmp),MAX(_xlpm.r),_xlpm.tmp), IF(_xlpm.bot=_xlpm.top,0,IF(DS$72,IF(SUM(_xlfn._xlws.FILTER(EB$6:EB$65,(_xlpm.r>_xlpm.top)*(_xlpm.r<_xlpm.bot))),1/SUM(_xlfn._xlws.FILTER(EB$6:EB$65,(_xlpm.r>_xlpm.top)*(_xlpm.r<_xlpm.bot)))*EB$72*INDEX(DS:DS,_xlpm.top)/DS$72,0),0)))} -> 0 | EL19: {=_xlfn.LET(_xlpm.r,ROW($A$6:$A$65), _xlpm.i,ROW(), _xlpm.top,MAX(_xlfn._xlws.FILTER(_xlpm.r,($A$6:$A$65<>"x")*(_xlpm.r<=_xlpm.i))), _xlpm.tmp,MIN(_xlfn._xlws.FILTER(_xlpm.r,($A$6:$A$65<>"x")*(_xlpm.r>=_xlpm.i))), _xlpm.bot,IF(ISERROR(_xlpm.tmp),MAX(_xlpm.r),_xlpm.tmp), IF(_xlpm.bot=_xlpm.top,0,IF(DT$72,IF(SUM(_xlfn._xlws.FILTER(EC$6:EC$65,(_xlpm.r>_xlpm.top)*(_xlpm.r<_xlpm.bot))),1/SUM(_xlfn._xlws.FILTER(EC$6:EC$65,(_xlpm.r>_xlpm.top)*(_xlpm.r<_xlpm.bot)))*EC$72*INDEX(DT:DT,_xlpm.top)/DT$72,0),0)))} -> 0 | EM19: {=_xlfn.LET(_xlpm.r,ROW($A$6:$A$65), _xlpm.i,ROW(), _xlpm.top,MAX(_xlfn._xlws.FILTER(_xlpm.r,($A$6:$A$65<>"x")*(_xlpm.r<=_xlpm.i))), _xlpm.tmp,MIN(_xlfn._xlws.FILTER(_xlpm.r,($A$6:$A$65<>"x")*(_xlpm.r>=_xlpm.i))), _xlpm.bot,IF(ISERROR(_xlpm.tmp),MAX(_xlpm.r),_xlpm.tmp), IF(_xlpm.bot=_xlpm.top,0,IF(DU$72,IF(SUM(_xlfn._xlws.FILTER(ED$6:ED$65,(_xlpm.r>_xlpm.top)*(_xlpm.r<_xlpm.bot))),1/SUM(_xlfn._xlws.FILTER(ED$6:ED$65,(_xlpm.r>_xlpm.top)*(_xlpm.r<_xlpm.bot)))*ED$72*INDEX(DU:DU,_xlpm.top)/DU$72,0),0)))} -> 0 | EN19: {=_xlfn.LET(_xlpm.r,ROW($A$6:$A$65), _xlpm.i,ROW(), _xlpm.top,MAX(_xlfn._xlws.FILTER(_xlpm.r,($A$6:$A$65<>"x")*(_xlpm.r<=_xlpm.i))), _xlpm.tmp,MIN(_xlfn._xlws.FILTER(_xlpm.r,($A$6:$A$65<>"x")*(_xlpm.r>=_xlpm.i))), _xlpm.bot,IF(ISERROR(_xlpm.tmp),MAX(_xlpm.r),_xlpm.tmp), IF(_xlpm.bot=_xlpm.top,0,IF(DV$72,IF(SUM(_xlfn._xlws.FILTER(EE$6:EE$65,(_xlpm.r>_xlpm.top)*(_xlpm.r<_xlpm.bot))),1/SUM(_xlfn._xlws.FILTER(EE$6:EE$65,(_xlpm.r>_xlpm.top)*(_xlpm.r<_xlpm.bot)))*EE$72*INDEX(DV:DV,_xlpm.top)/DV$72,0),0)))} -> 0 | EQ19: =$C19 -> 14 | ER19: =IF($A19<>"x",$P19*SUMIFS($AF19:$DK19,$AF$4:$DK$4,Jahresscheiben!C$2),0) -> 0 | ES19: =IF($A19<>"x",$P19*SUMIFS($AF19:$DK19,$AF$4:$DK$4,Jahresscheiben!D$2),0) -> 0 | ET19: =IF($A19<>"x",$P19*SUMIFS($AF19:$DK19,$AF$4:$DK$4,Jahresscheiben!E$2),0) -> 0 | EU19: =IF($A19<>"x",$P19*SUMIFS($AF19:$DK19,$AF$4:$DK$4,Jahresscheiben!F$2),0) -> 0 | EV19: =IF($A19<>"x",$P19*SUMIFS($AF19:$DK19,$AF$4:$DK$4,Jahresscheiben!G$2),0) -> 0 | EW19: =IF($A19<>"x",$P19*SUMIFS($AF19:$DK19,$AF$4:$DK$4,Jahresscheiben!H$2),0) -> 0 | EX19: =IF($A19<>"x",$P19*SUMIFS($AF19:$DK19,$AF$4:$DK$4,Jahresscheiben!I$2),0) -> 0 | EZ19: =$C19 -> 14 | FA19: =IF($A19="x",$P19*SUMIFS($AF19:$DK19,$AF$4:$DK$4,Jahresscheiben!C$2)/2,0) -> 8 | FB19: =IF($A19="x",$P19*SUMIFS($AF19:$DK19,$AF$4:$DK$4,Jahresscheiben!D$2)/2,0) -> 32 | FC19: =IF($A19="x",$P19*SUMIFS($AF19:$DK19,$AF$4:$DK$4,Jahresscheiben!E$2)/2,0) -> 0 | FD19: =IF($A19="x",$P19*SUMIFS($AF19:$DK19,$AF$4:$DK$4,Jahresscheiben!F$2)/2,0) -> 0 | FE19: =IF($A19="x",$P19*SUMIFS($AF19:$DK19,$AF$4:$DK$4,Jahresscheiben!G$2)/2,0) -> 0 | FF19: =IF($A19="x",$P19*SUMIFS($AF19:$DK19,$AF$4:$DK$4,Jahresscheiben!H$2)/2,0) -> 0 | FG19: =IF($A19="x",$P19*SUMIFS($AF19:$DK19,$AF$4:$DK$4,Jahresscheiben!I$2)/2,0) -> 0 | FI19: =$C19 -> 14 | FJ19: {=_xlfn.LET(_xlpm.r,ROW($A$6:$A$65), _xlpm.i,ROW(), _xlpm.top,MAX(_xlfn._xlws.FILTER(_xlpm.r,($A$6:$A$65<>"x")*(_xlpm.r<=_xlpm.i))), _xlpm.tmp,MIN(_xlfn._xlws.FILTER(_xlpm.r,($A$6:$A$65<>"x")*(_xlpm.r>=_xlpm.i))), _xlpm.bot,IF(ISERROR(_xlpm.tmp),MAX(_xlpm.r),_xlpm.tmp), IF(_xlpm.bot=_xlpm.top,0,IF(ER$72,IF(SUM(_xlfn._xlws.FILTER(FA$6:FA$65,(_xlpm.r>_xlpm.top)*(_xlpm.r<_xlpm.bot))),1/SUM(_xlfn._xlws.FILTER(FA$6:FA$65,(_xlpm.r>_xlpm.top)*(_xlpm.r<_xlpm.bot)))*FA$72*INDEX(ER:ER,_xlpm.top)/ER$72,0),0)))} -> 0.98638785 | FK19: {=_xlfn.LET(_xlpm.r,ROW($A$6:$A$65), _xlpm.i,ROW(), _xlpm.top,MAX(_xlfn._xlws.FILTER(_xlpm.r,($A$6:$A$65<>"x")*(_xlpm.r<=_xlpm.i))), _xlpm.tmp,MIN(_xlfn._xlws.FILTER(_xlpm.r,($A$6:$A$65<>"x")*(_xlpm.r>=_xlpm.i))), _xlpm.bot,IF(ISERROR(_xlpm.tmp),MAX(_xlpm.r),_xlpm.tmp), IF(_xlpm.bot=_xlpm.top,0,IF(ES$72,IF(SUM(_xlfn._xlws.FILTER(FB$6:FB$65,(_xlpm.r>_xlpm.top)*(_xlpm.r<_xlpm.bot))),1/SUM(_xlfn._xlws.FILTER(FB$6:FB$65,(_xlpm.r>_xlpm.top)*(_xlpm.r<_xlpm.bot)))*FB$72*INDEX(ES:ES,_xlpm.top)/ES$72,0),0)))} -> 0.92723493 | FL19: {=_xlfn.LET(_xlpm.r,ROW($A$6:$A$65), _xlpm.i,ROW(), _xlpm.top,MAX(_xlfn._xlws.FILTER(_xlpm.r,($A$6:$A$65<>"x")*(_xlpm.r<=_xlpm.i))), _xlpm.tmp,MIN(_xlfn._xlws.FILTER(_xlpm.r,($A$6:$A$65<>"x")*(_xlpm.r>=_xlpm.i))), _xlpm.bot,IF(ISERROR(_xlpm.tmp),MAX(_xlpm.r),_xlpm.tmp), IF(_xlpm.bot=_xlpm.top,0,IF(ET$72,IF(SUM(_xlfn._xlws.FILTER(FC$6:FC$65,(_xlpm.r>_xlpm.top)*(_xlpm.r<_xlpm.bot))),1/SUM(_xlfn._xlws.FILTER(FC$6:FC$65,(_xlpm.r>_xlpm.top)*(_xlpm.r<_xlpm.bot)))*FC$72*INDEX(ET:ET,_xlpm.top)/ET$72,0),0)))} -> 0 | FM19: {=_xlfn.LET(_xlpm.r,ROW($A$6:$A$65), _xlpm.i,ROW(), _xlpm.top,MAX(_xlfn._xlws.FILTER(_xlpm.r,($A$6:$A$65<>"x")*(_xlpm.r<=_xlpm.i))), _xlpm.tmp,MIN(_xlfn._xlws.FILTER(_xlpm.r,($A$6:$A$65<>"x")*(_xlpm.r>=_xlpm.i))), _xlpm.bot,IF(ISERROR(_xlpm.tmp),MAX(_xlpm.r),_xlpm.tmp), IF(_xlpm.bot=_xlpm.top,0,IF(EU$72,IF(SUM(_xlfn._xlws.FILTER(FD$6:FD$65,(_xlpm.r>_xlpm.top)*(_xlpm.r<_xlpm.bot))),1/SUM(_xlfn._xlws.FILTER(FD$6:FD$65,(_xlpm.r>_xlpm.top)*(_xlpm.r<_xlpm.bot)))*FD$72*INDEX(EU:EU,_xlpm.top)/EU$72,0),0)))} -> 0 | FN19: {=_xlfn.LET(_xlpm.r,ROW($A$6:$A$65), _xlpm.i,ROW(), _xlpm.top,MAX(_xlfn._xlws.FILTER(_xlpm.r,($A$6:$A$65<>"x")*(_xlpm.r<=_xlpm.i))), _xlpm.tmp,MIN(_xlfn._xlws.FILTER(_xlpm.r,($A$6:$A$65<>"x")*(_xlpm.r>=_xlpm.i))), _xlpm.bot,IF(ISERROR(_xlpm.tmp),MAX(_xlpm.r),_xlpm.tmp), IF(_xlpm.bot=_xlpm.top,0,IF(EV$72,IF(SUM(_xlfn._xlws.FILTER(FE$6:FE$65,(_xlpm.r>_xlpm.top)*(_xlpm.r<_xlpm.bot))),1/SUM(_xlfn._xlws.FILTER(FE$6:FE$65,(_xlpm.r>_xlpm.top)*(_xlpm.r<_xlpm.bot)))*FE$72*INDEX(EV:EV,_xlpm.top)/EV$72,0),0)))} -> 0 | FO19: {=_xlfn.LET(_xlpm.r,ROW($A$6:$A$65), _xlpm.i,ROW(), _xlpm.top,MAX(_xlfn._xlws.FILTER(_xlpm.r,($A$6:$A$65<>"x")*(_xlpm.r<=_xlpm.i))), _xlpm.tmp,MIN(_xlfn._xlws.FILTER(_xlpm.r,($A$6:$A$65<>"x")*(_xlpm.r>=_xlpm.i))), _xlpm.bot,IF(ISERROR(_xlpm.tmp),MAX(_xlpm.r),_xlpm.tmp), IF(_xlpm.bot=_xlpm.top,0,IF(EW$72,IF(SUM(_xlfn._xlws.FILTER(FF$6:FF$65,(_xlpm.r>_xlpm.top)*(_xlpm.r<_xlpm.bot))),1/SUM(_xlfn._xlws.FILTER(FF$6:FF$65,(_xlpm.r>_xlpm.top)*(_xlpm.r<_xlpm.bot)))*FF$72*INDEX(EW:EW,_xlpm.top)/EW$72,0),0)))} -> 0 | FP19: {=_xlfn.LET(_xlpm.r,ROW($A$6:$A$65), _xlpm.i,ROW(), _xlpm.top,MAX(_xlfn._xlws.FILTER(_xlpm.r,($A$6:$A$65<>"x")*(_xlpm.r<=_xlpm.i))), _xlpm.tmp,MIN(_xlfn._xlws.FILTER(_xlpm.r,($A$6:$A$65<>"x")*(_xlpm.r>=_xlpm.i))), _xlpm.bot,IF(ISERROR(_xlpm.tmp),MAX(_xlpm.r),_xlpm.tmp), IF(_xlpm.bot=_xlpm.top,0,IF(EX$72,IF(SUM(_xlfn._xlws.FILTER(FG$6:FG$65,(_xlpm.r>_xlpm.top)*(_xlpm.r<_xlpm.bot))),1/SUM(_xlfn._xlws.FILTER(FG$6:FG$65,(_xlpm.r>_xlpm.top)*(_xlpm.r<_xlpm.bot)))*FG$72*INDEX(EX:EX,_xlpm.top)/EX$72,0),0)))} -> 0
A20: x | B20: =LEN(D20) -> 149 | C20: =ROW()-5 -> 15 | D20: 3.4 Auswahl des Aufnahme-Antriebs-Verbunds oder Variantenabbruch bei Ballschäden, instabiler Zuführung oder hohem Energiebedarf (Entscheidungsmatrix) | F20: 15 | G20: 17 | I20: =IF(F20=0,"",EOMONTH(Project_Start,F20-1)) -> 46477 | J20: =IF(G20=0,"",EOMONTH(Project_Start,G20-1)) -> 46538 | L20: 5 | M20: {=_xlfn.LET( _xlpm.Z, _xlfn._xlws.FILTER($DY$6:$EE$65,$DX$6:$DX$65=C20), _xlpm.Q,_xlfn._xlws.FILTER($DP$6:$DV$65,$DO$6:$DO$65=C20), IF($A20="x",SUMPRODUCT(_xlpm.Z,$DY$73:$EE$73,EH20:EN20),SUMPRODUCT(_xlpm.Q,$DP$73:$DV$73)))} -> 0 | N20: {=_xlfn.LET( _xlpm.Z, SUM(IF($A20="x",_xlfn._xlws.FILTER($M$6:$M$65,$A$6:$A$65="x"),_xlfn._xlws.FILTER($M$6:$M$65,$A$6:$A$65<>"x"))), IF(_xlpm.Z<>0,M20/_xlpm.Z,""))} | P20: =L20 -> 5 | Q20: {=_xlfn.LET( _xlpm.Z, _xlfn._xlws.FILTER($FA$6:$FG$65,$EZ$6:$EZ$65=C20), _xlpm.Q,_xlfn._xlws.FILTER($ER$6:$EX$65,$EQ$6:$EQ$65=C20), IF($A20="x",SUMPRODUCT(_xlpm.Z,$FA$73:$FG$73,FJ20:FP20),SUMPRODUCT(_xlpm.Q,$ER$73:$EX$73)))} -> 0 | R20: {=_xlfn.LET( _xlpm.Z, SUM(IF($A20="x",_xlfn._xlws.FILTER($Q$6:$Q$65,$A$6:$A$65="x"),_xlfn._xlws.FILTER($Q$6:$Q$65,$A$6:$A$65<>"x"))), IF(_xlpm.Z<>0,Q20/_xlpm.Z,""))} | AF20: =_xlfn.LET( _xlpm.project_monat,AF$3, _xlpm.start_monat,$F20, _xlpm.ende_monat,$G20, IF(AND(_xlpm.project_monat>=_xlpm.start_monat,_xlpm.project_monat<=_xlpm.ende_monat),IF($A20="x",2,1),"")) | AG20: =_xlfn.LET( _xlpm.project_monat,AG$3, _xlpm.start_monat,$F20, _xlpm.ende_monat,$G20, IF(AND(_xlpm.project_monat>=_xlpm.start_monat,_xlpm.project_monat<=_xlpm.ende_monat),IF($A20="x",2,1),"")) | AH20: =_xlfn.LET( _xlpm.project_monat,AH$3, _xlpm.start_monat,$F20, _xlpm.ende_monat,$G20, IF(AND(_xlpm.project_monat>=_xlpm.start_monat,_xlpm.project_monat<=_xlpm.ende_monat),IF($A20="x",2,1),"")) | AI20: =_xlfn.LET( _xlpm.project_monat,AI$3, _xlpm.start_monat,$F20, _xlpm.ende_monat,$G20, IF(AND(_xlpm.project_monat>=_xlpm.start_monat,_xlpm.project_monat<=_xlpm.ende_monat),IF($A20="x",2,1),"")) | AJ20: =_xlfn.LET( _xlpm.project_monat,AJ$3, _xlpm.start_monat,$F20, _xlpm.ende_monat,$G20, IF(AND(_xlpm.project_monat>=_xlpm.start_monat,_xlpm.project_monat<=_xlpm.ende_monat),IF($A20="x",2,1),"")) | AK20: =_xlfn.LET( _xlpm.project_monat,AK$3, _xlpm.start_monat,$F20, _xlpm.ende_monat,$G20, IF(AND(_xlpm.project_monat>=_xlpm.start_monat,_xlpm.project_monat<=_xlpm.ende_monat),IF($A20="x",2,1),"")) | AL20: =_xlfn.LET( _xlpm.project_monat,AL$3, _xlpm.start_monat,$F20, _xlpm.ende_monat,$G20, IF(AND(_xlpm.project_monat>=_xlpm.start_monat,_xlpm.project_monat<=_xlpm.ende_monat),IF($A20="x",2,1),"")) | AM20: =_xlfn.LET( _xlpm.project_monat,AM$3, _xlpm.start_monat,$F20, _xlpm.ende_monat,$G20, IF(AND(_xlpm.project_monat>=_xlpm.start_monat,_xlpm.project_monat<=_xlpm.ende_monat),IF($A20="x",2,1),"")) | ... DK20: =_xlfn.LET( _xlpm.project_monat,DK$3, _xlpm.start_monat,$F20, _xlpm.ende_monat,$G20, IF(AND(_xlpm.project_monat>=_xlpm.start_monat,_xlpm.project_monat<=_xlpm.ende_monat),IF($A20="x",2,1),"")) | DO20: =$C20 -> 15 | DP20: =IF($A20<>"x",$L20*SUMIFS($AF20:$DK20,$AF$4:$DK$4,Jahresscheiben!C$2),0) -> 0 | DQ20: =IF($A20<>"x",$L20*SUMIFS($AF20:$DK20,$AF$4:$DK$4,Jahresscheiben!D$2),0) -> 0 | DR20: =IF($A20<>"x",$L20*SUMIFS($AF20:$DK20,$AF$4:$DK$4,Jahresscheiben!E$2),0) -> 0 | DS20: =IF($A20<>"x",$L20*SUMIFS($AF20:$DK20,$AF$4:$DK$4,Jahresscheiben!F$2),0) -> 0 | DT20: =IF($A20<>"x",$L20*SUMIFS($AF20:$DK20,$AF$4:$DK$4,Jahresscheiben!G$2),0) -> 0 | DU20: =IF($A20<>"x",$L20*SUMIFS($AF20:$DK20,$AF$4:$DK$4,Jahresscheiben!H$2),0) -> 0 | DV20: =IF($A20<>"x",$L20*SUMIFS($AF20:$DK20,$AF$4:$DK$4,Jahresscheiben!I$2),0) -> 0 | DX20: =$C20 -> 15 | DY20: =IF($A20="x",$L20*SUMIFS($AF20:$DK20,$AF$4:$DK$4,Jahresscheiben!C$2)/2,0) -> 0 | DZ20: =IF($A20="x",$L20*SUMIFS($AF20:$DK20,$AF$4:$DK$4,Jahresscheiben!D$2)/2,0) -> 15 | EA20: =IF($A20="x",$L20*SUMIFS($AF20:$DK20,$AF$4:$DK$4,Jahresscheiben!E$2)/2,0) -> 0 | EB20: =IF($A20="x",$L20*SUMIFS($AF20:$DK20,$AF$4:$DK$4,Jahresscheiben!F$2)/2,0) -> 0 | EC20: =IF($A20="x",$L20*SUMIFS($AF20:$DK20,$AF$4:$DK$4,Jahresscheiben!G$2)/2,0) -> 0 | ED20: =IF($A20="x",$L20*SUMIFS($AF20:$DK20,$AF$4:$DK$4,Jahresscheiben!H$2)/2,0) -> 0 | EE20: =IF($A20="x",$L20*SUMIFS($AF20:$DK20,$AF$4:$DK$4,Jahresscheiben!I$2)/2,0) -> 0 | EG20: =$C20 -> 15 | EH20: {=_xlfn.LET(_xlpm.r,ROW($A$6:$A$65), _xlpm.i,ROW(), _xlpm.top,MAX(_xlfn._xlws.FILTER(_xlpm.r,($A$6:$A$65<>"x")*(_xlpm.r<=_xlpm.i))), _xlpm.tmp,MIN(_xlfn._xlws.FILTER(_xlpm.r,($A$6:$A$65<>"x")*(_xlpm.r>=_xlpm.i))), _xlpm.bot,IF(ISERROR(_xlpm.tmp),MAX(_xlpm.r),_xlpm.tmp), IF(_xlpm.bot=_xlpm.top,0,IF(DP$72,IF(SUM(_xlfn._xlws.FILTER(DY$6:DY$65,(_xlpm.r>_xlpm.top)*(_xlpm.r<_xlpm.bot))),1/SUM(_xlfn._xlws.FILTER(DY$6:DY$65,(_xlpm.r>_xlpm.top)*(_xlpm.r<_xlpm.bot)))*DY$72*INDEX(DP:DP,_xlpm.top)/DP$72,0),0)))} -> 0.98638785 | EI20: {=_xlfn.LET(_xlpm.r,ROW($A$6:$A$65), _xlpm.i,ROW(), _xlpm.top,MAX(_xlfn._xlws.FILTER(_xlpm.r,($A$6:$A$65<>"x")*(_xlpm.r<=_xlpm.i))), _xlpm.tmp,MIN(_xlfn._xlws.FILTER(_xlpm.r,($A$6:$A$65<>"x")*(_xlpm.r>=_xlpm.i))), _xlpm.bot,IF(ISERROR(_xlpm.tmp),MAX(_xlpm.r),_xlpm.tmp), IF(_xlpm.bot=_xlpm.top,0,IF(DQ$72,IF(SUM(_xlfn._xlws.FILTER(DZ$6:DZ$65,(_xlpm.r>_xlpm.top)*(_xlpm.r<_xlpm.bot))),1/SUM(_xlfn._xlws.FILTER(DZ$6:DZ$65,(_xlpm.r>_xlpm.top)*(_xlpm.r<_xlpm.bot)))*DZ$72*INDEX(DQ:DQ,_xlpm.top)/DQ$72,0),0)))} -> 0.92723493 | EJ20: {=_xlfn.LET(_xlpm.r,ROW($A$6:$A$65), _xlpm.i,ROW(), _xlpm.top,MAX(_xlfn._xlws.FILTER(_xlpm.r,($A$6:$A$65<>"x")*(_xlpm.r<=_xlpm.i))), _xlpm.tmp,MIN(_xlfn._xlws.FILTER(_xlpm.r,($A$6:$A$65<>"x")*(_xlpm.r>=_xlpm.i))), _xlpm.bot,IF(ISERROR(_xlpm.tmp),MAX(_xlpm.r),_xlpm.tmp), IF(_xlpm.bot=_xlpm.top,0,IF(DR$72,IF(SUM(_xlfn._xlws.FILTER(EA$6:EA$65,(_xlpm.r>_xlpm.top)*(_xlpm.r<_xlpm.bot))),1/SUM(_xlfn._xlws.FILTER(EA$6:EA$65,(_xlpm.r>_xlpm.top)*(_xlpm.r<_xlpm.bot)))*EA$72*INDEX(DR:DR,_xlpm.top)/DR$72,0),0)))} -> 0 | EK20: {=_xlfn.LET(_xlpm.r,ROW($A$6:$A$65), _xlpm.i,ROW(), _xlpm.top,MAX(_xlfn._xlws.FILTER(_xlpm.r,($A$6:$A$65<>"x")*(_xlpm.r<=_xlpm.i))), _xlpm.tmp,MIN(_xlfn._xlws.FILTER(_xlpm.r,($A$6:$A$65<>"x")*(_xlpm.r>=_xlpm.i))), _xlpm.bot,IF(ISERROR(_xlpm.tmp),MAX(_xlpm.r),_xlpm.tmp), IF(_xlpm.bot=_xlpm.top,0,IF(DS$72,IF(SUM(_xlfn._xlws.FILTER(EB$6:EB$65,(_xlpm.r>_xlpm.top)*(_xlpm.r<_xlpm.bot))),1/SUM(_xlfn._xlws.FILTER(EB$6:EB$65,(_xlpm.r>_xlpm.top)*(_xlpm.r<_xlpm.bot)))*EB$72*INDEX(DS:DS,_xlpm.top)/DS$72,0),0)))} -> 0 | EL20: {=_xlfn.LET(_xlpm.r,ROW($A$6:$A$65), _xlpm.i,ROW(), _xlpm.top,MAX(_xlfn._xlws.FILTER(_xlpm.r,($A$6:$A$65<>"x")*(_xlpm.r<=_xlpm.i))), _xlpm.tmp,MIN(_xlfn._xlws.FILTER(_xlpm.r,($A$6:$A$65<>"x")*(_xlpm.r>=_xlpm.i))), _xlpm.bot,IF(ISERROR(_xlpm.tmp),MAX(_xlpm.r),_xlpm.tmp), IF(_xlpm.bot=_xlpm.top,0,IF(DT$72,IF(SUM(_xlfn._xlws.FILTER(EC$6:EC$65,(_xlpm.r>_xlpm.top)*(_xlpm.r<_xlpm.bot))),1/SUM(_xlfn._xlws.FILTER(EC$6:EC$65,(_xlpm.r>_xlpm.top)*(_xlpm.r<_xlpm.bot)))*EC$72*INDEX(DT:DT,_xlpm.top)/DT$72,0),0)))} -> 0 | EM20: {=_xlfn.LET(_xlpm.r,ROW($A$6:$A$65), _xlpm.i,ROW(), _xlpm.top,MAX(_xlfn._xlws.FILTER(_xlpm.r,($A$6:$A$65<>"x")*(_xlpm.r<=_xlpm.i))), _xlpm.tmp,MIN(_xlfn._xlws.FILTER(_xlpm.r,($A$6:$A$65<>"x")*(_xlpm.r>=_xlpm.i))), _xlpm.bot,IF(ISERROR(_xlpm.tmp),MAX(_xlpm.r),_xlpm.tmp), IF(_xlpm.bot=_xlpm.top,0,IF(DU$72,IF(SUM(_xlfn._xlws.FILTER(ED$6:ED$65,(_xlpm.r>_xlpm.top)*(_xlpm.r<_xlpm.bot))),1/SUM(_xlfn._xlws.FILTER(ED$6:ED$65,(_xlpm.r>_xlpm.top)*(_xlpm.r<_xlpm.bot)))*ED$72*INDEX(DU:DU,_xlpm.top)/DU$72,0),0)))} -> 0 | EN20: {=_xlfn.LET(_xlpm.r,ROW($A$6:$A$65), _xlpm.i,ROW(), _xlpm.top,MAX(_xlfn._xlws.FILTER(_xlpm.r,($A$6:$A$65<>"x")*(_xlpm.r<=_xlpm.i))), _xlpm.tmp,MIN(_xlfn._xlws.FILTER(_xlpm.r,($A$6:$A$65<>"x")*(_xlpm.r>=_xlpm.i))), _xlpm.bot,IF(ISERROR(_xlpm.tmp),MAX(_xlpm.r),_xlpm.tmp), IF(_xlpm.bot=_xlpm.top,0,IF(DV$72,IF(SUM(_xlfn._xlws.FILTER(EE$6:EE$65,(_xlpm.r>_xlpm.top)*(_xlpm.r<_xlpm.bot))),1/SUM(_xlfn._xlws.FILTER(EE$6:EE$65,(_xlpm.r>_xlpm.top)*(_xlpm.r<_xlpm.bot)))*EE$72*INDEX(DV:DV,_xlpm.top)/DV$72,0),0)))} -> 0 | EQ20: =$C20 -> 15 | ER20: =IF($A20<>"x",$P20*SUMIFS($AF20:$DK20,$AF$4:$DK$4,Jahresscheiben!C$2),0) -> 0 | ES20: =IF($A20<>"x",$P20*SUMIFS($AF20:$DK20,$AF$4:$DK$4,Jahresscheiben!D$2),0) -> 0 | ET20: =IF($A20<>"x",$P20*SUMIFS($AF20:$DK20,$AF$4:$DK$4,Jahresscheiben!E$2),0) -> 0 | EU20: =IF($A20<>"x",$P20*SUMIFS($AF20:$DK20,$AF$4:$DK$4,Jahresscheiben!F$2),0) -> 0 | EV20: =IF($A20<>"x",$P20*SUMIFS($AF20:$DK20,$AF$4:$DK$4,Jahresscheiben!G$2),0) -> 0 | EW20: =IF($A20<>"x",$P20*SUMIFS($AF20:$DK20,$AF$4:$DK$4,Jahresscheiben!H$2),0) -> 0 | EX20: =IF($A20<>"x",$P20*SUMIFS($AF20:$DK20,$AF$4:$DK$4,Jahresscheiben!I$2),0) -> 0 | EZ20: =$C20 -> 15 | FA20: =IF($A20="x",$P20*SUMIFS($AF20:$DK20,$AF$4:$DK$4,Jahresscheiben!C$2)/2,0) -> 0 | FB20: =IF($A20="x",$P20*SUMIFS($AF20:$DK20,$AF$4:$DK$4,Jahresscheiben!D$2)/2,0) -> 15 | FC20: =IF($A20="x",$P20*SUMIFS($AF20:$DK20,$AF$4:$DK$4,Jahresscheiben!E$2)/2,0) -> 0 | FD20: =IF($A20="x",$P20*SUMIFS($AF20:$DK20,$AF$4:$DK$4,Jahresscheiben!F$2)/2,0) -> 0 | FE20: =IF($A20="x",$P20*SUMIFS($AF20:$DK20,$AF$4:$DK$4,Jahresscheiben!G$2)/2,0) -> 0 | FF20: =IF($A20="x",$P20*SUMIFS($AF20:$DK20,$AF$4:$DK$4,Jahresscheiben!H$2)/2,0) -> 0 | FG20: =IF($A20="x",$P20*SUMIFS($AF20:$DK20,$AF$4:$DK$4,Jahresscheiben!I$2)/2,0) -> 0 | FI20: =$C20 -> 15 | FJ20: {=_xlfn.LET(_xlpm.r,ROW($A$6:$A$65), _xlpm.i,ROW(), _xlpm.top,MAX(_xlfn._xlws.FILTER(_xlpm.r,($A$6:$A$65<>"x")*(_xlpm.r<=_xlpm.i))), _xlpm.tmp,MIN(_xlfn._xlws.FILTER(_xlpm.r,($A$6:$A$65<>"x")*(_xlpm.r>=_xlpm.i))), _xlpm.bot,IF(ISERROR(_xlpm.tmp),MAX(_xlpm.r),_xlpm.tmp), IF(_xlpm.bot=_xlpm.top,0,IF(ER$72,IF(SUM(_xlfn._xlws.FILTER(FA$6:FA$65,(_xlpm.r>_xlpm.top)*(_xlpm.r<_xlpm.bot))),1/SUM(_xlfn._xlws.FILTER(FA$6:FA$65,(_xlpm.r>_xlpm.top)*(_xlpm.r<_xlpm.bot)))*FA$72*INDEX(ER:ER,_xlpm.top)/ER$72,0),0)))} -> 0.98638785 | FK20: {=_xlfn.LET(_xlpm.r,ROW($A$6:$A$65), _xlpm.i,ROW(), _xlpm.top,MAX(_xlfn._xlws.FILTER(_xlpm.r,($A$6:$A$65<>"x")*(_xlpm.r<=_xlpm.i))), _xlpm.tmp,MIN(_xlfn._xlws.FILTER(_xlpm.r,($A$6:$A$65<>"x")*(_xlpm.r>=_xlpm.i))), _xlpm.bot,IF(ISERROR(_xlpm.tmp),MAX(_xlpm.r),_xlpm.tmp), IF(_xlpm.bot=_xlpm.top,0,IF(ES$72,IF(SUM(_xlfn._xlws.FILTER(FB$6:FB$65,(_xlpm.r>_xlpm.top)*(_xlpm.r<_xlpm.bot))),1/SUM(_xlfn._xlws.FILTER(FB$6:FB$65,(_xlpm.r>_xlpm.top)*(_xlpm.r<_xlpm.bot)))*FB$72*INDEX(ES:ES,_xlpm.top)/ES$72,0),0)))} -> 0.92723493 | FL20: {=_xlfn.LET(_xlpm.r,ROW($A$6:$A$65), _xlpm.i,ROW(), _xlpm.top,MAX(_xlfn._xlws.FILTER(_xlpm.r,($A$6:$A$65<>"x")*(_xlpm.r<=_xlpm.i))), _xlpm.tmp,MIN(_xlfn._xlws.FILTER(_xlpm.r,($A$6:$A$65<>"x")*(_xlpm.r>=_xlpm.i))), _xlpm.bot,IF(ISERROR(_xlpm.tmp),MAX(_xlpm.r),_xlpm.tmp), IF(_xlpm.bot=_xlpm.top,0,IF(ET$72,IF(SUM(_xlfn._xlws.FILTER(FC$6:FC$65,(_xlpm.r>_xlpm.top)*(_xlpm.r<_xlpm.bot))),1/SUM(_xlfn._xlws.FILTER(FC$6:FC$65,(_xlpm.r>_xlpm.top)*(_xlpm.r<_xlpm.bot)))*FC$72*INDEX(ET:ET,_xlpm.top)/ET$72,0),0)))} -> 0 | FM20: {=_xlfn.LET(_xlpm.r,ROW($A$6:$A$65), _xlpm.i,ROW(), _xlpm.top,MAX(_xlfn._xlws.FILTER(_xlpm.r,($A$6:$A$65<>"x")*(_xlpm.r<=_xlpm.i))), _xlpm.tmp,MIN(_xlfn._xlws.FILTER(_xlpm.r,($A$6:$A$65<>"x")*(_xlpm.r>=_xlpm.i))), _xlpm.bot,IF(ISERROR(_xlpm.tmp),MAX(_xlpm.r),_xlpm.tmp), IF(_xlpm.bot=_xlpm.top,0,IF(EU$72,IF(SUM(_xlfn._xlws.FILTER(FD$6:FD$65,(_xlpm.r>_xlpm.top)*(_xlpm.r<_xlpm.bot))),1/SUM(_xlfn._xlws.FILTER(FD$6:FD$65,(_xlpm.r>_xlpm.top)*(_xlpm.r<_xlpm.bot)))*FD$72*INDEX(EU:EU,_xlpm.top)/EU$72,0),0)))} -> 0 | FN20: {=_xlfn.LET(_xlpm.r,ROW($A$6:$A$65), _xlpm.i,ROW(), _xlpm.top,MAX(_xlfn._xlws.FILTER(_xlpm.r,($A$6:$A$65<>"x")*(_xlpm.r<=_xlpm.i))), _xlpm.tmp,MIN(_xlfn._xlws.FILTER(_xlpm.r,($A$6:$A$65<>"x")*(_xlpm.r>=_xlpm.i))), _xlpm.bot,IF(ISERROR(_xlpm.tmp),MAX(_xlpm.r),_xlpm.tmp), IF(_xlpm.bot=_xlpm.top,0,IF(EV$72,IF(SUM(_xlfn._xlws.FILTER(FE$6:FE$65,(_xlpm.r>_xlpm.top)*(_xlpm.r<_xlpm.bot))),1/SUM(_xlfn._xlws.FILTER(FE$6:FE$65,(_xlpm.r>_xlpm.top)*(_xlpm.r<_xlpm.bot)))*FE$72*INDEX(EV:EV,_xlpm.top)/EV$72,0),0)))} -> 0 | FO20: {=_xlfn.LET(_xlpm.r,ROW($A$6:$A$65), _xlpm.i,ROW(), _xlpm.top,MAX(_xlfn._xlws.FILTER(_xlpm.r,($A$6:$A$65<>"x")*(_xlpm.r<=_xlpm.i))), _xlpm.tmp,MIN(_xlfn._xlws.FILTER(_xlpm.r,($A$6:$A$65<>"x")*(_xlpm.r>=_xlpm.i))), _xlpm.bot,IF(ISERROR(_xlpm.tmp),MAX(_xlpm.r),_xlpm.tmp), IF(_xlpm.bot=_xlpm.top,0,IF(EW$72,IF(SUM(_xlfn._xlws.FILTER(FF$6:FF$65,(_xlpm.r>_xlpm.top)*(_xlpm.r<_xlpm.bot))),1/SUM(_xlfn._xlws.FILTER(FF$6:FF$65,(_xlpm.r>_xlpm.top)*(_xlpm.r<_xlpm.bot)))*FF$72*INDEX(EW:EW,_xlpm.top)/EW$72,0),0)))} -> 0 | FP20: {=_xlfn.LET(_xlpm.r,ROW($A$6:$A$65), _xlpm.i,ROW(), _xlpm.top,MAX(_xlfn._xlws.FILTER(_xlpm.r,($A$6:$A$65<>"x")*(_xlpm.r<=_xlpm.i))), _xlpm.tmp,MIN(_xlfn._xlws.FILTER(_xlpm.r,($A$6:$A$65<>"x")*(_xlpm.r>=_xlpm.i))), _xlpm.bot,IF(ISERROR(_xlpm.tmp),MAX(_xlpm.r),_xlpm.tmp), IF(_xlpm.bot=_xlpm.top,0,IF(EX$72,IF(SUM(_xlfn._xlws.FILTER(FG$6:FG$65,(_xlpm.r>_xlpm.top)*(_xlpm.r<_xlpm.bot))),1/SUM(_xlfn._xlws.FILTER(FG$6:FG$65,(_xlpm.r>_xlpm.top)*(_xlpm.r<_xlpm.bot)))*FG$72*INDEX(EX:EX,_xlpm.top)/EX$72,0),0)))} -> 0
